file,class,reasoner,iterations,time,n_subsumers,subsumers
TestOntologies/bfo.basic-formal-ontology.2.owl.xml,BFO_0000002,3,,,2,"['BFO_0000002', 'BFO_0000001']"
TestOntologies/bfo.basic-formal-ontology.2.owl.xml,BFO_0000002,1,2,0.0781,2,"['BFO_0000002', 'BFO_0000001']"
TestOntologies/bfo.basic-formal-ontology.2.owl.xml,BFO_0000002,2,2,0.1334,2,"['BFO_0000002', 'BFO_0000001']"
TestOntologies/bfo.basic-formal-ontology.2.owl.xml,BFO_0000182,3,,,4,"['BFO_0000015', 'BFO_0000003', 'BFO_0000001', 'BFO_0000182']"
TestOntologies/bfo.basic-formal-ontology.2.owl.xml,BFO_0000182,1,4,0.2704,4,"['BFO_0000001', 'BFO_0000182', 'BFO_0000003', 'BFO_0000015']"
TestOntologies/bfo.basic-formal-ontology.2.owl.xml,BFO_0000182,2,4,0.1524,4,"['BFO_0000001', 'BFO_0000182', 'BFO_0000003', 'BFO_0000015']"
TestOntologies/bfo.basic-formal-ontology.2.owl.xml,BFO_0000026,3,,,6,"['BFO_0000141', 'BFO_0000026', 'BFO_0000006', 'BFO_0000004', 'BFO_0000002', 'BFO_0000001']"
TestOntologies/bfo.basic-formal-ontology.2.owl.xml,BFO_0000026,1,6,0.2544,6,"['BFO_0000006', 'BFO_0000004', 'BFO_0000026', 'BFO_0000141', 'BFO_0000002', 'BFO_0000001']"
TestOntologies/bfo.basic-formal-ontology.2.owl.xml,BFO_0000026,2,6,0.229,6,"['BFO_0000006', 'BFO_0000004', 'BFO_0000026', 'BFO_0000141', 'BFO_0000002', 'BFO_0000001']"
TestOntologies/bfo.basic-formal-ontology.2.owl.xml,BFO_0000008,3,,,3,"['BFO_0000008', 'BFO_0000003', 'BFO_0000001']"
TestOntologies/bfo.basic-formal-ontology.2.owl.xml,BFO_0000008,1,3,0.1483,3,"['BFO_0000008', 'BFO_0000003', 'BFO_0000001']"
TestOntologies/bfo.basic-formal-ontology.2.owl.xml,BFO_0000008,2,3,0.168,3,"['BFO_0000008', 'BFO_0000003', 'BFO_0000001']"
TestOntologies/bfo.basic-formal-ontology.2.owl.xml,BFO_0000148,3,,,4,"['BFO_0000148', 'BFO_0000008', 'BFO_0000003', 'BFO_0000001']"
TestOntologies/bfo.basic-formal-ontology.2.owl.xml,BFO_0000148,1,4,0.1682,4,"['BFO_0000008', 'BFO_0000148', 'BFO_0000003', 'BFO_0000001']"
TestOntologies/bfo.basic-formal-ontology.2.owl.xml,BFO_0000148,2,4,0.3239,4,"['BFO_0000008', 'BFO_0000148', 'BFO_0000003', 'BFO_0000001']"
TestOntologies/bfo.basic-formal-ontology.2.owl.xml,BFO_0000028,3,,,6,"['BFO_0000141', 'BFO_0000006', 'BFO_0000004', 'BFO_0000002', 'BFO_0000028', 'BFO_0000001']"
TestOntologies/bfo.basic-formal-ontology.2.owl.xml,BFO_0000028,1,6,0.2623,6,"['BFO_0000006', 'BFO_0000004', 'BFO_0000028', 'BFO_0000141', 'BFO_0000002', 'BFO_0000001']"
TestOntologies/bfo.basic-formal-ontology.2.owl.xml,BFO_0000028,2,6,0.3462,6,"['BFO_0000006', 'BFO_0000004', 'BFO_0000028', 'BFO_0000141', 'BFO_0000002', 'BFO_0000001']"
TestOntologies/bfo.basic-formal-ontology.2.owl.xml,BFO_0000004,3,,,3,"['BFO_0000004', 'BFO_0000002', 'BFO_0000001']"
TestOntologies/bfo.basic-formal-ontology.2.owl.xml,BFO_0000004,1,3,0.1241,3,"['BFO_0000002', 'BFO_0000004', 'BFO_0000001']"
TestOntologies/bfo.basic-formal-ontology.2.owl.xml,BFO_0000004,2,3,0.117,3,"['BFO_0000002', 'BFO_0000004', 'BFO_0000001']"
TestOntologies/bfo.basic-formal-ontology.2.owl.xml,BFO_0000017,3,,,4,"['BFO_0000020', 'BFO_0000002', 'BFO_0000001', 'BFO_0000017']"
TestOntologies/bfo.basic-formal-ontology.2.owl.xml,BFO_0000017,1,4,0.2296,4,"['BFO_0000002', 'BFO_0000017', 'BFO_0000020', 'BFO_0000001']"
TestOntologies/bfo.basic-formal-ontology.2.owl.xml,BFO_0000017,2,4,0.2735,4,"['BFO_0000002', 'BFO_0000017', 'BFO_0000020', 'BFO_0000001']"
TestOntologies/bfo.basic-formal-ontology.2.owl.xml,BFO_0000018,3,,,6,"['BFO_0000141', 'BFO_0000006', 'BFO_0000004', 'BFO_0000018', 'BFO_0000002', 'BFO_0000001']"
TestOntologies/bfo.basic-formal-ontology.2.owl.xml,BFO_0000018,1,6,0.539,6,"['BFO_0000006', 'BFO_0000004', 'BFO_0000018', 'BFO_0000141', 'BFO_0000002', 'BFO_0000001']"
TestOntologies/bfo.basic-formal-ontology.2.owl.xml,BFO_0000018,2,6,0.3542,6,"['BFO_0000006', 'BFO_0000004', 'BFO_0000018', 'BFO_0000141', 'BFO_0000002', 'BFO_0000001']"
TestOntologies/bfo.basic-formal-ontology.2.owl.xml,BFO_0000146,3,,,6,"['BFO_0000140', 'BFO_0000141', 'BFO_0000146', 'BFO_0000004', 'BFO_0000002', 'BFO_0000001']"
TestOntologies/bfo.basic-formal-ontology.2.owl.xml,BFO_0000146,1,6,0.3983,6,"['BFO_0000004', 'BFO_0000146', 'BFO_0000140', 'BFO_0000141', 'BFO_0000002', 'BFO_0000001']"
TestOntologies/bfo.basic-formal-ontology.2.owl.xml,BFO_0000146,2,6,0.2947,6,"['BFO_0000004', 'BFO_0000146', 'BFO_0000140', 'BFO_0000141', 'BFO_0000002', 'BFO_0000001']"
TestOntologies/bfo.basic-formal-ontology.2.owl.xml,BFO_0000023,3,,,5,"['BFO_0000023', 'BFO_0000020', 'BFO_0000002', 'BFO_0000001', 'BFO_0000017']"
TestOntologies/bfo.basic-formal-ontology.2.owl.xml,BFO_0000023,1,5,0.2617,5,"['BFO_0000023', 'BFO_0000017', 'BFO_0000002', 'BFO_0000020', 'BFO_0000001']"
TestOntologies/bfo.basic-formal-ontology.2.owl.xml,BFO_0000023,2,5,0.1921,5,"['BFO_0000023', 'BFO_0000017', 'BFO_0000002', 'BFO_0000020', 'BFO_0000001']"
TestOntologies/bfo.basic-formal-ontology.2.owl.xml,BFO_0000009,3,,,6,"['BFO_0000141', 'BFO_0000006', 'BFO_0000004', 'BFO_0000002', 'BFO_0000001', 'BFO_0000009']"
TestOntologies/bfo.basic-formal-ontology.2.owl.xml,BFO_0000009,1,6,0.3013,6,"['BFO_0000006', 'BFO_0000004', 'BFO_0000141', 'BFO_0000009', 'BFO_0000002', 'BFO_0000001']"
TestOntologies/bfo.basic-formal-ontology.2.owl.xml,BFO_0000009,2,6,0.1829,6,"['BFO_0000006', 'BFO_0000004', 'BFO_0000141', 'BFO_0000009', 'BFO_0000002', 'BFO_0000001']"
TestOntologies/bfo.basic-formal-ontology.2.owl.xml,BFO_0000141,3,,,4,"['BFO_0000141', 'BFO_0000004', 'BFO_0000002', 'BFO_0000001']"
TestOntologies/bfo.basic-formal-ontology.2.owl.xml,BFO_0000141,1,4,0.1835,4,"['BFO_0000002', 'BFO_0000004', 'BFO_0000141', 'BFO_0000001']"
TestOntologies/bfo.basic-formal-ontology.2.owl.xml,BFO_0000141,2,4,0.2139,4,"['BFO_0000002', 'BFO_0000004', 'BFO_0000141', 'BFO_0000001']"
TestOntologies/bfo.basic-formal-ontology.2.owl.xml,BFO_0000011,3,,,3,"['BFO_0000003', 'BFO_0000001', 'BFO_0000011']"
TestOntologies/bfo.basic-formal-ontology.2.owl.xml,BFO_0000011,1,3,0.2739,3,"['BFO_0000011', 'BFO_0000003', 'BFO_0000001']"
TestOntologies/bfo.basic-formal-ontology.2.owl.xml,BFO_0000011,2,3,0.1746,3,"['BFO_0000011', 'BFO_0000003', 'BFO_0000001']"
TestOntologies/bfo.basic-formal-ontology.2.owl.xml,BFO_0000147,3,,,6,"['BFO_0000140', 'BFO_0000141', 'BFO_0000004', 'BFO_0000002', 'BFO_0000001', 'BFO_0000147']"
TestOntologies/bfo.basic-formal-ontology.2.owl.xml,BFO_0000147,1,6,0.5265,6,"['BFO_0000004', 'BFO_0000140', 'BFO_0000147', 'BFO_0000141', 'BFO_0000002', 'BFO_0000001']"
TestOntologies/bfo.basic-formal-ontology.2.owl.xml,BFO_0000147,2,6,0.2562,6,"['BFO_0000004', 'BFO_0000140', 'BFO_0000147', 'BFO_0000141', 'BFO_0000002', 'BFO_0000001']"
TestOntologies/bfo.basic-formal-ontology.2.owl.xml,BFO_0000034,3,,,6,"['BFO_0000016', 'BFO_0000020', 'BFO_0000002', 'BFO_0000001', 'BFO_0000017', 'BFO_0000034']"
TestOntologies/bfo.basic-formal-ontology.2.owl.xml,BFO_0000034,1,6,0.3477,6,"['BFO_0000017', 'BFO_0000034', 'BFO_0000002', 'BFO_0000020', 'BFO_0000001', 'BFO_0000016']"
TestOntologies/bfo.basic-formal-ontology.2.owl.xml,BFO_0000034,2,6,0.3887,6,"['BFO_0000017', 'BFO_0000034', 'BFO_0000002', 'BFO_0000020', 'BFO_0000001', 'BFO_0000016']"
TestOntologies/bfo.basic-formal-ontology.2.owl.xml,BFO_0000142,3,,,6,"['BFO_0000140', 'BFO_0000141', 'BFO_0000004', 'BFO_0000002', 'BFO_0000001', 'BFO_0000142']"
TestOntologies/bfo.basic-formal-ontology.2.owl.xml,BFO_0000142,1,6,0.3079,6,"['BFO_0000004', 'BFO_0000142', 'BFO_0000140', 'BFO_0000141', 'BFO_0000002', 'BFO_0000001']"
TestOntologies/bfo.basic-formal-ontology.2.owl.xml,BFO_0000142,2,6,0.3521,6,"['BFO_0000004', 'BFO_0000142', 'BFO_0000140', 'BFO_0000141', 'BFO_0000002', 'BFO_0000001']"
TestOntologies/bfo.basic-formal-ontology.2.owl.xml,BFO_0000020,3,,,3,"['BFO_0000020', 'BFO_0000002', 'BFO_0000001']"
TestOntologies/bfo.basic-formal-ontology.2.owl.xml,BFO_0000020,1,3,0.1075,3,"['BFO_0000002', 'BFO_0000020', 'BFO_0000001']"
TestOntologies/bfo.basic-formal-ontology.2.owl.xml,BFO_0000020,2,3,0.1703,3,"['BFO_0000002', 'BFO_0000020', 'BFO_0000001']"
TestOntologies/bfo.basic-formal-ontology.2.owl.xml,BFO_0000024,3,,,5,"['BFO_0000004', 'BFO_0000040', 'BFO_0000002', 'BFO_0000001', 'BFO_0000024']"
TestOntologies/bfo.basic-formal-ontology.2.owl.xml,BFO_0000024,1,5,0.1755,5,"['BFO_0000004', 'BFO_0000040', 'BFO_0000024', 'BFO_0000002', 'BFO_0000001']"
TestOntologies/bfo.basic-formal-ontology.2.owl.xml,BFO_0000024,2,5,0.2236,5,"['BFO_0000004', 'BFO_0000040', 'BFO_0000024', 'BFO_0000002', 'BFO_0000001']"
TestOntologies/bfo.basic-formal-ontology.2.owl.xml,BFO_0000027,3,,,5,"['BFO_0000004', 'BFO_0000040', 'BFO_0000002', 'BFO_0000027', 'BFO_0000001']"
TestOntologies/bfo.basic-formal-ontology.2.owl.xml,BFO_0000027,1,5,0.1838,5,"['BFO_0000004', 'BFO_0000040', 'BFO_0000002', 'BFO_0000001', 'BFO_0000027']"
TestOntologies/bfo.basic-formal-ontology.2.owl.xml,BFO_0000027,2,5,0.2344,5,"['BFO_0000004', 'BFO_0000040', 'BFO_0000002', 'BFO_0000001', 'BFO_0000027']"
TestOntologies/bfo.basic-formal-ontology.2.owl.xml,BFO_0000019,3,,,4,"['BFO_0000020', 'BFO_0000002', 'BFO_0000019', 'BFO_0000001']"
TestOntologies/bfo.basic-formal-ontology.2.owl.xml,BFO_0000019,1,4,0.2392,4,"['BFO_0000002', 'BFO_0000019', 'BFO_0000020', 'BFO_0000001']"
TestOntologies/bfo.basic-formal-ontology.2.owl.xml,BFO_0000019,2,4,0.1844,4,"['BFO_0000002', 'BFO_0000019', 'BFO_0000020', 'BFO_0000001']"
TestOntologies/bfo.basic-formal-ontology.2.owl.xml,BFO_0000031,3,,,3,"['BFO_0000002', 'BFO_0000031', 'BFO_0000001']"
TestOntologies/bfo.basic-formal-ontology.2.owl.xml,BFO_0000031,1,3,0.1655,3,"['BFO_0000002', 'BFO_0000031', 'BFO_0000001']"
TestOntologies/bfo.basic-formal-ontology.2.owl.xml,BFO_0000031,2,3,0.1027,3,"['BFO_0000002', 'BFO_0000031', 'BFO_0000001']"
TestOntologies/bfo.basic-formal-ontology.2.owl.xml,BFO_0000145,3,,,5,"['BFO_0000020', 'BFO_0000002', 'BFO_0000019', 'BFO_0000001', 'BFO_0000145']"
TestOntologies/bfo.basic-formal-ontology.2.owl.xml,BFO_0000145,1,5,0.2268,5,"['BFO_0000019', 'BFO_0000145', 'BFO_0000002', 'BFO_0000020', 'BFO_0000001']"
TestOntologies/bfo.basic-formal-ontology.2.owl.xml,BFO_0000145,2,5,0.2013,5,"['BFO_0000019', 'BFO_0000145', 'BFO_0000002', 'BFO_0000020', 'BFO_0000001']"
TestOntologies/bfo.basic-formal-ontology.2.owl.xml,BFO_0000040,3,,,4,"['BFO_0000004', 'BFO_0000002', 'BFO_0000040', 'BFO_0000001']"
TestOntologies/bfo.basic-formal-ontology.2.owl.xml,BFO_0000040,1,4,0.2052,4,"['BFO_0000002', 'BFO_0000040', 'BFO_0000001', 'BFO_0000004']"
TestOntologies/bfo.basic-formal-ontology.2.owl.xml,BFO_0000040,2,4,0.1897,4,"['BFO_0000002', 'BFO_0000040', 'BFO_0000001', 'BFO_0000004']"
TestOntologies/bfo.basic-formal-ontology.2.owl.xml,BFO_0000029,3,,,5,"['BFO_0000141', 'BFO_0000004', 'BFO_0000002', 'BFO_0000029', 'BFO_0000001']"
TestOntologies/bfo.basic-formal-ontology.2.owl.xml,BFO_0000029,1,5,0.2884,5,"['BFO_0000004', 'BFO_0000029', 'BFO_0000141', 'BFO_0000002', 'BFO_0000001']"
TestOntologies/bfo.basic-formal-ontology.2.owl.xml,BFO_0000029,2,5,0.2933,5,"['BFO_0000004', 'BFO_0000029', 'BFO_0000141', 'BFO_0000002', 'BFO_0000001']"
TestOntologies/bfo.basic-formal-ontology.2.owl.xml,BFO_0000016,3,,,5,"['BFO_0000016', 'BFO_0000020', 'BFO_0000002', 'BFO_0000001', 'BFO_0000017']"
TestOntologies/bfo.basic-formal-ontology.2.owl.xml,BFO_0000016,1,5,0.2234,5,"['BFO_0000017', 'BFO_0000002', 'BFO_0000020', 'BFO_0000001', 'BFO_0000016']"
TestOntologies/bfo.basic-formal-ontology.2.owl.xml,BFO_0000016,2,5,0.2168,5,"['BFO_0000017', 'BFO_0000002', 'BFO_0000020', 'BFO_0000001', 'BFO_0000016']"
TestOntologies/bfo.basic-formal-ontology.2.owl.xml,BFO_0000003,3,,,2,"['BFO_0000003', 'BFO_0000001']"
TestOntologies/bfo.basic-formal-ontology.2.owl.xml,BFO_0000003,1,2,0.101,2,"['BFO_0000001', 'BFO_0000003']"
TestOntologies/bfo.basic-formal-ontology.2.owl.xml,BFO_0000003,2,2,0.0591,2,"['BFO_0000001', 'BFO_0000003']"
TestOntologies/bfo.basic-formal-ontology.2.owl.xml,BFO_0000140,3,,,5,"['BFO_0000140', 'BFO_0000141', 'BFO_0000004', 'BFO_0000002', 'BFO_0000001']"
TestOntologies/bfo.basic-formal-ontology.2.owl.xml,BFO_0000140,1,5,0.2125,5,"['BFO_0000004', 'BFO_0000140', 'BFO_0000141', 'BFO_0000002', 'BFO_0000001']"
TestOntologies/bfo.basic-formal-ontology.2.owl.xml,BFO_0000140,2,5,0.2748,5,"['BFO_0000004', 'BFO_0000140', 'BFO_0000141', 'BFO_0000002', 'BFO_0000001']"
TestOntologies/bfo.basic-formal-ontology.2.owl.xml,BFO_0000006,3,,,5,"['BFO_0000141', 'BFO_0000006', 'BFO_0000004', 'BFO_0000002', 'BFO_0000001']"
TestOntologies/bfo.basic-formal-ontology.2.owl.xml,BFO_0000006,1,5,0.1859,5,"['BFO_0000006', 'BFO_0000004', 'BFO_0000141', 'BFO_0000002', 'BFO_0000001']"
TestOntologies/bfo.basic-formal-ontology.2.owl.xml,BFO_0000006,2,5,0.2687,5,"['BFO_0000006', 'BFO_0000004', 'BFO_0000141', 'BFO_0000002', 'BFO_0000001']"
TestOntologies/bfo.basic-formal-ontology.2.owl.xml,BFO_0000144,3,,,4,"['BFO_0000015', 'BFO_0000003', 'BFO_0000001', 'BFO_0000144']"
TestOntologies/bfo.basic-formal-ontology.2.owl.xml,BFO_0000144,1,4,0.1822,4,"['BFO_0000001', 'BFO_0000144', 'BFO_0000003', 'BFO_0000015']"
TestOntologies/bfo.basic-formal-ontology.2.owl.xml,BFO_0000144,2,4,0.3107,4,"['BFO_0000001', 'BFO_0000144', 'BFO_0000003', 'BFO_0000015']"
TestOntologies/amino-acid.amino-acid-ontology.2.owl.xml,TinyPolarAminoAcid,3,,,3,"['AminoAcid', 'TinyPolarAminoAcid', 'SpecificAminoAcid']"
TestOntologies/amino-acid.amino-acid-ontology.2.owl.xml,TinyPolarAminoAcid,1,9,1.6226,3,"['TinyPolarAminoAcid', 'AminoAcid', 'SpecificAminoAcid']"
TestOntologies/amino-acid.amino-acid-ontology.2.owl.xml,TinyPolarAminoAcid,2,10,1.9697,3,"['TinyPolarAminoAcid', 'AminoAcid', 'SpecificAminoAcid']"
TestOntologies/amino-acid.amino-acid-ontology.2.owl.xml,Size,3,,,2,"['RefiningFeature', 'Size']"
TestOntologies/amino-acid.amino-acid-ontology.2.owl.xml,Size,1,2,0.4655,2,"['RefiningFeature', 'Size']"
TestOntologies/amino-acid.amino-acid-ontology.2.owl.xml,Size,2,2,0.6122,2,"['RefiningFeature', 'Size']"
TestOntologies/amino-acid.amino-acid-ontology.2.owl.xml,I,3,,,5,"['I', 'AminoAcid', 'AliphaticAminoAcid', 'SpecificAminoAcid', 'LargeAliphaticAminoAcid']"
TestOntologies/amino-acid.amino-acid-ontology.2.owl.xml,I,1,22,4.2866,5,"['SpecificAminoAcid', 'I', 'LargeAliphaticAminoAcid', 'AminoAcid', 'AliphaticAminoAcid']"
TestOntologies/amino-acid.amino-acid-ontology.2.owl.xml,I,2,20,3.6575,5,"['SpecificAminoAcid', 'I', 'LargeAliphaticAminoAcid', 'AminoAcid', 'AliphaticAminoAcid']"
TestOntologies/amino-acid.amino-acid-ontology.2.owl.xml,Hydrophobicity,3,,,2,"['Hydrophobicity', 'RefiningFeature']"
TestOntologies/amino-acid.amino-acid-ontology.2.owl.xml,Hydrophobicity,1,2,0.48,2,"['RefiningFeature', 'Hydrophobicity']"
TestOntologies/amino-acid.amino-acid-ontology.2.owl.xml,Hydrophobicity,2,2,0.5541,2,"['RefiningFeature', 'Hydrophobicity']"
TestOntologies/amino-acid.amino-acid-ontology.2.owl.xml,Q,3,,,5,"['AminoAcid', 'AliphaticAminoAcid', 'Q', 'SpecificAminoAcid', 'LargeAliphaticAminoAcid']"
TestOntologies/amino-acid.amino-acid-ontology.2.owl.xml,Q,1,22,3.7756,5,"['SpecificAminoAcid', 'Q', 'LargeAliphaticAminoAcid', 'AminoAcid', 'AliphaticAminoAcid']"
TestOntologies/amino-acid.amino-acid-ontology.2.owl.xml,Q,2,20,3.4881,5,"['SpecificAminoAcid', 'Q', 'LargeAliphaticAminoAcid', 'AminoAcid', 'AliphaticAminoAcid']"
TestOntologies/amino-acid.amino-acid-ontology.2.owl.xml,Positive,3,,,3,"['Positive', 'Charge', 'RefiningFeature']"
TestOntologies/amino-acid.amino-acid-ontology.2.owl.xml,Positive,1,2,0.4766,1,['Positive']
TestOntologies/amino-acid.amino-acid-ontology.2.owl.xml,Positive,2,2,0.3952,1,['Positive']
TestOntologies/amino-acid.amino-acid-ontology.2.owl.xml,Neutral,3,,,3,"['Neutral', 'Charge', 'RefiningFeature']"
TestOntologies/amino-acid.amino-acid-ontology.2.owl.xml,Neutral,1,2,0.5239,1,['Neutral']
TestOntologies/amino-acid.amino-acid-ontology.2.owl.xml,Neutral,2,2,0.4797,1,['Neutral']
TestOntologies/amino-acid.amino-acid-ontology.2.owl.xml,Large,3,,,3,"['Large', 'RefiningFeature', 'Size']"
TestOntologies/amino-acid.amino-acid-ontology.2.owl.xml,Large,1,2,0.5587,1,['Large']
TestOntologies/amino-acid.amino-acid-ontology.2.owl.xml,Large,2,2,0.536,1,['Large']
TestOntologies/amino-acid.amino-acid-ontology.2.owl.xml,AliphaticAminoAcid,3,,,3,"['AminoAcid', 'AliphaticAminoAcid', 'SpecificAminoAcid']"
TestOntologies/amino-acid.amino-acid-ontology.2.owl.xml,AliphaticAminoAcid,1,6,1.1641,3,"['AliphaticAminoAcid', 'AminoAcid', 'SpecificAminoAcid']"
TestOntologies/amino-acid.amino-acid-ontology.2.owl.xml,AliphaticAminoAcid,2,6,1.0529,3,"['AliphaticAminoAcid', 'AminoAcid', 'SpecificAminoAcid']"
TestOntologies/amino-acid.amino-acid-ontology.2.owl.xml,Non-Polar,3,,,3,"['Polarity', 'RefiningFeature', 'Non-Polar']"
TestOntologies/amino-acid.amino-acid-ontology.2.owl.xml,Non-Polar,1,2,0.5313,1,['Non-Polar']
TestOntologies/amino-acid.amino-acid-ontology.2.owl.xml,Non-Polar,2,2,0.4706,1,['Non-Polar']
TestOntologies/amino-acid.amino-acid-ontology.2.owl.xml,M,3,,,5,"['M', 'AminoAcid', 'AliphaticAminoAcid', 'SpecificAminoAcid', 'LargeAliphaticAminoAcid']"
TestOntologies/amino-acid.amino-acid-ontology.2.owl.xml,M,1,22,4.3627,5,"['M', 'SpecificAminoAcid', 'LargeAliphaticAminoAcid', 'AminoAcid', 'AliphaticAminoAcid']"
TestOntologies/amino-acid.amino-acid-ontology.2.owl.xml,M,2,20,4.4983,5,"['M', 'SpecificAminoAcid', 'LargeAliphaticAminoAcid', 'AminoAcid', 'AliphaticAminoAcid']"
TestOntologies/amino-acid.amino-acid-ontology.2.owl.xml,LargeAliphaticAminoAcid,3,,,4,"['AminoAcid', 'AliphaticAminoAcid', 'SpecificAminoAcid', 'LargeAliphaticAminoAcid']"
TestOntologies/amino-acid.amino-acid-ontology.2.owl.xml,LargeAliphaticAminoAcid,1,9,1.8041,4,"['LargeAliphaticAminoAcid', 'AliphaticAminoAcid', 'AminoAcid', 'SpecificAminoAcid']"
TestOntologies/amino-acid.amino-acid-ontology.2.owl.xml,LargeAliphaticAminoAcid,2,10,1.5778,4,"['LargeAliphaticAminoAcid', 'AliphaticAminoAcid', 'AminoAcid', 'SpecificAminoAcid']"
TestOntologies/amino-acid.amino-acid-ontology.2.owl.xml,RefiningFeature,3,,,1,['RefiningFeature']
TestOntologies/amino-acid.amino-acid-ontology.2.owl.xml,RefiningFeature,1,1,0.2912,1,['RefiningFeature']
TestOntologies/amino-acid.amino-acid-ontology.2.owl.xml,RefiningFeature,2,1,0.2124,1,['RefiningFeature']
TestOntologies/amino-acid.amino-acid-ontology.2.owl.xml,W,3,,,4,"['AromaticAminoAcid', 'W', 'AminoAcid', 'SpecificAminoAcid']"
TestOntologies/amino-acid.amino-acid-ontology.2.owl.xml,W,1,19,2.9511,4,"['AminoAcid', 'SpecificAminoAcid', 'AromaticAminoAcid', 'W']"
TestOntologies/amino-acid.amino-acid-ontology.2.owl.xml,W,2,19,4.0005,4,"['AminoAcid', 'SpecificAminoAcid', 'AromaticAminoAcid', 'W']"
TestOntologies/amino-acid.amino-acid-ontology.2.owl.xml,Aliphatic,3,,,3,"['Aliphatic', 'SideChainStructure', 'RefiningFeature']"
TestOntologies/amino-acid.amino-acid-ontology.2.owl.xml,Aliphatic,1,2,0.3608,1,['Aliphatic']
TestOntologies/amino-acid.amino-acid-ontology.2.owl.xml,Aliphatic,2,2,0.3764,1,['Aliphatic']
TestOntologies/amino-acid.amino-acid-ontology.2.owl.xml,Y,3,,,4,"['AromaticAminoAcid', 'Y', 'AminoAcid', 'SpecificAminoAcid']"
TestOntologies/amino-acid.amino-acid-ontology.2.owl.xml,Y,1,19,3.2385,4,"['Y', 'AminoAcid', 'AromaticAminoAcid', 'SpecificAminoAcid']"
TestOntologies/amino-acid.amino-acid-ontology.2.owl.xml,Y,2,19,3.0639,4,"['Y', 'AminoAcid', 'AromaticAminoAcid', 'SpecificAminoAcid']"
TestOntologies/amino-acid.amino-acid-ontology.2.owl.xml,Tiny,3,,,3,"['RefiningFeature', 'Size', 'Tiny']"
TestOntologies/amino-acid.amino-acid-ontology.2.owl.xml,Tiny,1,2,0.386,1,['Tiny']
TestOntologies/amino-acid.amino-acid-ontology.2.owl.xml,Tiny,2,2,0.3805,1,['Tiny']
TestOntologies/amino-acid.amino-acid-ontology.2.owl.xml,Polar,3,,,3,"['Polarity', 'Polar', 'RefiningFeature']"
TestOntologies/amino-acid.amino-acid-ontology.2.owl.xml,Polar,1,2,0.3677,1,['Polar']
TestOntologies/amino-acid.amino-acid-ontology.2.owl.xml,Polar,2,2,0.3724,1,['Polar']
TestOntologies/amino-acid.amino-acid-ontology.2.owl.xml,SideChainStructure,3,,,2,"['SideChainStructure', 'RefiningFeature']"
TestOntologies/amino-acid.amino-acid-ontology.2.owl.xml,SideChainStructure,1,2,0.4095,2,"['RefiningFeature', 'SideChainStructure']"
TestOntologies/amino-acid.amino-acid-ontology.2.owl.xml,SideChainStructure,2,2,0.5787,2,"['RefiningFeature', 'SideChainStructure']"
TestOntologies/amino-acid.amino-acid-ontology.2.owl.xml,C,3,,,4,"['AminoAcid', 'AliphaticAminoAcid', 'C', 'SpecificAminoAcid']"
TestOntologies/amino-acid.amino-acid-ontology.2.owl.xml,C,1,14,2.3003,1,['C']
TestOntologies/amino-acid.amino-acid-ontology.2.owl.xml,C,2,17,2.6357,1,['C']
TestOntologies/amino-acid.amino-acid-ontology.2.owl.xml,E,3,,,5,"['E', 'NegativeChargedAminoAcid', 'AminoAcid', 'AliphaticAminoAcid', 'SpecificAminoAcid']"
TestOntologies/amino-acid.amino-acid-ontology.2.owl.xml,E,1,12,1.8375,1,['E']
TestOntologies/amino-acid.amino-acid-ontology.2.owl.xml,E,2,14,2.1424,1,['E']
TestOntologies/amino-acid.amino-acid-ontology.2.owl.xml,Hydrophobic,3,,,3,"['Hydrophobicity', 'Hydrophobic', 'RefiningFeature']"
TestOntologies/amino-acid.amino-acid-ontology.2.owl.xml,Hydrophobic,1,2,0.4764,1,['Hydrophobic']
TestOntologies/amino-acid.amino-acid-ontology.2.owl.xml,Hydrophobic,2,2,0.5185,1,['Hydrophobic']
TestOntologies/amino-acid.amino-acid-ontology.2.owl.xml,NegativeChargedAminoAcid,3,,,4,"['NegativeChargedAminoAcid', 'AminoAcid', 'AliphaticAminoAcid', 'SpecificAminoAcid']"
TestOntologies/amino-acid.amino-acid-ontology.2.owl.xml,NegativeChargedAminoAcid,1,10,1.6621,4,"['AliphaticAminoAcid', 'NegativeChargedAminoAcid', 'AminoAcid', 'SpecificAminoAcid']"
TestOntologies/amino-acid.amino-acid-ontology.2.owl.xml,NegativeChargedAminoAcid,2,10,1.8127,4,"['AliphaticAminoAcid', 'NegativeChargedAminoAcid', 'AminoAcid', 'SpecificAminoAcid']"
TestOntologies/amino-acid.amino-acid-ontology.2.owl.xml,R,3,,,6,"['PositiveChargedAminoAcid', 'AminoAcid', 'AliphaticAminoAcid', 'SpecificAminoAcid', 'LargeAliphaticAminoAcid', 'R']"
TestOntologies/amino-acid.amino-acid-ontology.2.owl.xml,R,1,21,3.7174,6,"['R', 'SpecificAminoAcid', 'PositiveChargedAminoAcid', 'AminoAcid', 'LargeAliphaticAminoAcid', 'AliphaticAminoAcid']"
TestOntologies/amino-acid.amino-acid-ontology.2.owl.xml,R,2,20,3.9536,6,"['R', 'SpecificAminoAcid', 'PositiveChargedAminoAcid', 'AminoAcid', 'LargeAliphaticAminoAcid', 'AliphaticAminoAcid']"
TestOntologies/amino-acid.amino-acid-ontology.2.owl.xml,V,3,,,4,"['V', 'AminoAcid', 'AliphaticAminoAcid', 'SpecificAminoAcid']"
TestOntologies/amino-acid.amino-acid-ontology.2.owl.xml,V,1,14,2.3138,1,['V']
TestOntologies/amino-acid.amino-acid-ontology.2.owl.xml,V,2,17,2.6177,1,['V']
TestOntologies/amino-acid.amino-acid-ontology.2.owl.xml,T,3,,,5,"['T', 'AminoAcid', 'AliphaticAminoAcid', 'TinyPolarAminoAcid', 'SpecificAminoAcid']"
TestOntologies/amino-acid.amino-acid-ontology.2.owl.xml,T,1,22,3.4836,5,"['SpecificAminoAcid', 'TinyPolarAminoAcid', 'AminoAcid', 'T', 'AliphaticAminoAcid']"
TestOntologies/amino-acid.amino-acid-ontology.2.owl.xml,T,2,20,3.4865,5,"['SpecificAminoAcid', 'TinyPolarAminoAcid', 'AminoAcid', 'T', 'AliphaticAminoAcid']"
TestOntologies/amino-acid.amino-acid-ontology.2.owl.xml,S,3,,,5,"['AminoAcid', 'AliphaticAminoAcid', 'TinyPolarAminoAcid', 'SpecificAminoAcid', 'S']"
TestOntologies/amino-acid.amino-acid-ontology.2.owl.xml,S,1,22,3.4973,5,"['SpecificAminoAcid', 'TinyPolarAminoAcid', 'S', 'AminoAcid', 'AliphaticAminoAcid']"
TestOntologies/amino-acid.amino-acid-ontology.2.owl.xml,S,2,20,5.5238,5,"['SpecificAminoAcid', 'TinyPolarAminoAcid', 'S', 'AminoAcid', 'AliphaticAminoAcid']"
TestOntologies/amino-acid.amino-acid-ontology.2.owl.xml,N,3,,,4,"['N', 'AminoAcid', 'AliphaticAminoAcid', 'SpecificAminoAcid']"
TestOntologies/amino-acid.amino-acid-ontology.2.owl.xml,N,1,14,3.1268,1,['N']
TestOntologies/amino-acid.amino-acid-ontology.2.owl.xml,N,2,17,2.7662,1,['N']
TestOntologies/amino-acid.amino-acid-ontology.2.owl.xml,AromaticAminoAcid,3,,,3,"['AromaticAminoAcid', 'AminoAcid', 'SpecificAminoAcid']"
TestOntologies/amino-acid.amino-acid-ontology.2.owl.xml,AromaticAminoAcid,1,6,2.4057,3,"['AminoAcid', 'AromaticAminoAcid', 'SpecificAminoAcid']"
TestOntologies/amino-acid.amino-acid-ontology.2.owl.xml,AromaticAminoAcid,2,6,2.4125,3,"['AminoAcid', 'AromaticAminoAcid', 'SpecificAminoAcid']"
TestOntologies/amino-acid.amino-acid-ontology.2.owl.xml,A,3,,,4,"['A', 'AminoAcid', 'AliphaticAminoAcid', 'SpecificAminoAcid']"
TestOntologies/amino-acid.amino-acid-ontology.2.owl.xml,A,1,19,4.7244,4,"['AliphaticAminoAcid', 'A', 'AminoAcid', 'SpecificAminoAcid']"
TestOntologies/amino-acid.amino-acid-ontology.2.owl.xml,A,2,19,5.5969,4,"['AliphaticAminoAcid', 'A', 'AminoAcid', 'SpecificAminoAcid']"
TestOntologies/pizza.owl,"""CheesyPizza""",3,,,4,"['""Pizza""', '""Food""', '""CheesyPizza""', '""DomainThing""']"
TestOntologies/pizza.owl,"""CheesyPizza""",1,13,3.5773,4,"['""CheesyPizza""', '""Pizza""', '""DomainThing""', '""Food""']"
TestOntologies/pizza.owl,"""CheesyPizza""",2,13,2.6916,4,"['""CheesyPizza""', '""Pizza""', '""DomainThing""', '""Food""']"
TestOntologies/pizza.owl,"""RosemaryTopping""",3,,,6,"['""VegetarianTopping""', '""PizzaTopping""', '""Food""', '""HerbSpiceTopping""', '""RosemaryTopping""', '""DomainThing""']"
TestOntologies/pizza.owl,"""RosemaryTopping""",1,8,1.8375,5,"['""RosemaryTopping""', '""HerbSpiceTopping""', '""PizzaTopping""', '""Food""', '""DomainThing""']"
TestOntologies/pizza.owl,"""RosemaryTopping""",2,9,1.8921,5,"['""RosemaryTopping""', '""HerbSpiceTopping""', '""PizzaTopping""', '""Food""', '""DomainThing""']"
TestOntologies/pizza.owl,"""NonVegetarianPizza""",3,,,4,"['""Pizza""', '""NonVegetarianPizza""', '""Food""', '""DomainThing""']"
TestOntologies/pizza.owl,"""NonVegetarianPizza""",1,9,2.095,4,"['""Pizza""', '""DomainThing""', '""NonVegetarianPizza""', '""Food""']"
TestOntologies/pizza.owl,"""NonVegetarianPizza""",2,8,2.3819,4,"['""Pizza""', '""DomainThing""', '""NonVegetarianPizza""', '""Food""']"
TestOntologies/pizza.owl,"""OliveTopping""",3,,,6,"['""VegetarianTopping""', '""PizzaTopping""', '""Food""', '""VegetableTopping""', '""DomainThing""', '""OliveTopping""']"
TestOntologies/pizza.owl,"""OliveTopping""",1,8,2.4875,5,"['""VegetableTopping""', '""PizzaTopping""', '""Food""', '""OliveTopping""', '""DomainThing""']"
TestOntologies/pizza.owl,"""OliveTopping""",2,9,2.9405,5,"['""VegetableTopping""', '""PizzaTopping""', '""Food""', '""OliveTopping""', '""DomainThing""']"
TestOntologies/pizza.owl,"""RocketTopping""",3,,,6,"['""VegetarianTopping""', '""PizzaTopping""', '""Food""', '""VegetableTopping""', '""RocketTopping""', '""DomainThing""']"
TestOntologies/pizza.owl,"""RocketTopping""",1,8,3.0459,5,"['""VegetableTopping""', '""PizzaTopping""', '""Food""', '""RocketTopping""', '""DomainThing""']"
TestOntologies/pizza.owl,"""RocketTopping""",2,9,3.4678,5,"['""VegetableTopping""', '""PizzaTopping""', '""Food""', '""RocketTopping""', '""DomainThing""']"
TestOntologies/pizza.owl,"""SpicyPizza""",3,,,5,"['""Pizza""', '""Food""', '""SpicyPizzaEquivalent""', '""SpicyPizza""', '""DomainThing""']"
TestOntologies/pizza.owl,"""SpicyPizza""",1,19,6.0913,5,"['""Pizza""', '""Food""', '""DomainThing""', '""SpicyPizza""', '""SpicyPizzaEquivalent""']"
TestOntologies/pizza.owl,"""SpicyPizza""",2,20,4.5478,5,"['""Pizza""', '""Food""', '""DomainThing""', '""SpicyPizza""', '""SpicyPizzaEquivalent""']"
TestOntologies/pizza.owl,"""NutTopping""",3,,,5,"['""VegetarianTopping""', '""PizzaTopping""', '""Food""', '""NutTopping""', '""DomainThing""']"
TestOntologies/pizza.owl,"""NutTopping""",1,8,3.3027,4,"['""DomainThing""', '""NutTopping""', '""PizzaTopping""', '""Food""']"
TestOntologies/pizza.owl,"""NutTopping""",2,8,3.0057,4,"['""DomainThing""', '""NutTopping""', '""PizzaTopping""', '""Food""']"
TestOntologies/pizza.owl,"""VegetarianPizza2""",3,,,1,"['""VegetarianPizza2""']"
TestOntologies/pizza.owl,"""VegetarianPizza2""",1,9,3.2361,4,"['""Food""', '""Pizza""', '""VegetarianPizza2""', '""DomainThing""']"
TestOntologies/pizza.owl,"""VegetarianPizza2""",2,8,2.595,4,"['""Food""', '""Pizza""', '""VegetarianPizza2""', '""DomainThing""']"
TestOntologies/pizza.owl,"""OnionTopping""",3,,,6,"['""VegetarianTopping""', '""PizzaTopping""', '""OnionTopping""', '""Food""', '""VegetableTopping""', '""DomainThing""']"
TestOntologies/pizza.owl,"""OnionTopping""",1,8,2.2551,5,"['""VegetableTopping""', '""PizzaTopping""', '""Food""', '""DomainThing""', '""OnionTopping""']"
TestOntologies/pizza.owl,"""OnionTopping""",2,9,2.0211,5,"['""VegetableTopping""', '""PizzaTopping""', '""Food""', '""DomainThing""', '""OnionTopping""']"
TestOntologies/pizza.owl,"""PizzaTopping""",3,,,3,"['""PizzaTopping""', '""Food""', '""DomainThing""']"
TestOntologies/pizza.owl,"""PizzaTopping""",1,3,1.3717,3,"['""DomainThing""', '""PizzaTopping""', '""Food""']"
TestOntologies/pizza.owl,"""PizzaTopping""",2,3,0.8351,3,"['""DomainThing""', '""PizzaTopping""', '""Food""']"
TestOntologies/pizza.owl,"""FruitTopping""",3,,,5,"['""VegetarianTopping""', '""PizzaTopping""', '""Food""', '""FruitTopping""', '""DomainThing""']"
TestOntologies/pizza.owl,"""FruitTopping""",1,4,1.0923,4,"['""PizzaTopping""', '""DomainThing""', '""FruitTopping""', '""Food""']"
TestOntologies/pizza.owl,"""FruitTopping""",2,4,1.1994,4,"['""PizzaTopping""', '""DomainThing""', '""FruitTopping""', '""Food""']"
TestOntologies/pizza.owl,"""Soho""",3,,,6,"['""Pizza""', '""Food""', 'NamedPizza', '""CheesyPizza""', '""Soho""', '""DomainThing""']"
TestOntologies/pizza.owl,"""Soho""",1,49,11.7687,6,"['""Pizza""', '""Food""', 'NamedPizza', '""CheesyPizza""', '""DomainThing""', '""Soho""']"
TestOntologies/pizza.owl,"""Soho""",2,59,20.2236,6,"['""Pizza""', '""Food""', 'NamedPizza', '""CheesyPizza""', '""DomainThing""', '""Soho""']"
TestOntologies/pizza.owl,"""VegetarianPizza""",3,,,4,"['""Pizza""', '""VegetarianPizza""', '""Food""', '""DomainThing""']"
TestOntologies/pizza.owl,"""VegetarianPizza""",1,9,3.535,4,"['""Food""', '""Pizza""', '""VegetarianPizza""', '""DomainThing""']"
TestOntologies/pizza.owl,"""VegetarianPizza""",2,8,2.5211,4,"['""Food""', '""Pizza""', '""VegetarianPizza""', '""DomainThing""']"
TestOntologies/pizza.owl,"""Cajun""",3,,,8,"['""Pizza""', '""SpicyPizzaEquivalent""', '""Food""', 'NamedPizza', '""CheesyPizza""', '""SpicyPizza""', '""Cajun""', '""DomainThing""']"
TestOntologies/pizza.owl,"""Cajun""",1,64,22.6683,8,"['""Pizza""', '""Cajun""', '""Food""', 'NamedPizza', '""CheesyPizza""', '""DomainThing""', '""SpicyPizza""', '""SpicyPizzaEquivalent""']"
TestOntologies/pizza.owl,"""Cajun""",2,64,19.4505,8,"['""Pizza""', '""Cajun""', '""Food""', 'NamedPizza', '""CheesyPizza""', '""DomainThing""', '""SpicyPizza""', '""SpicyPizzaEquivalent""']"
TestOntologies/pizza.owl,"""SauceTopping""",3,,,5,"['""VegetarianTopping""', '""PizzaTopping""', '""SauceTopping""', '""Food""', '""DomainThing""']"
TestOntologies/pizza.owl,"""SauceTopping""",1,4,1.4908,4,"['""Food""', '""DomainThing""', '""PizzaTopping""', '""SauceTopping""']"
TestOntologies/pizza.owl,"""SauceTopping""",2,4,1.4905,4,"['""Food""', '""DomainThing""', '""PizzaTopping""', '""SauceTopping""']"
TestOntologies/pizza.owl,"""ParmezanTopping""",3,,,6,"['""VegetarianTopping""', '""PizzaTopping""', '""Food""', '""CheeseTopping""', '""ParmezanTopping""', '""DomainThing""']"
TestOntologies/pizza.owl,"""ParmezanTopping""",1,8,2.9288,5,"['""PizzaTopping""', '""Food""', '""ParmezanTopping""', '""CheeseTopping""', '""DomainThing""']"
TestOntologies/pizza.owl,"""ParmezanTopping""",2,9,3.2764,5,"['""PizzaTopping""', '""Food""', '""ParmezanTopping""', '""CheeseTopping""', '""DomainThing""']"
TestOntologies/pizza.owl,"""Hot""",3,,,3,"['""ValuePartition""', '""Hot""', '""Spiciness""']"
TestOntologies/pizza.owl,"""Hot""",1,3,2.1017,3,"['""Spiciness""', '""ValuePartition""', '""Hot""']"
TestOntologies/pizza.owl,"""Hot""",2,3,1.3464,3,"['""Spiciness""', '""ValuePartition""', '""Hot""']"
TestOntologies/pizza.owl,"""SweetPepperTopping""",3,,,7,"['""VegetarianTopping""', '""PizzaTopping""', '""Food""', '""SweetPepperTopping""', '""VegetableTopping""', '""PepperTopping""', '""DomainThing""']"
TestOntologies/pizza.owl,"""SweetPepperTopping""",1,10,4.8296,6,"['""VegetableTopping""', '""PizzaTopping""', '""Food""', '""PepperTopping""', '""SweetPepperTopping""', '""DomainThing""']"
TestOntologies/pizza.owl,"""SweetPepperTopping""",2,10,3.3273,6,"['""VegetableTopping""', '""PizzaTopping""', '""Food""', '""PepperTopping""', '""SweetPepperTopping""', '""DomainThing""']"
TestOntologies/pizza.owl,"""VegetarianTopping""",3,,,4,"['""VegetarianTopping""', '""PizzaTopping""', '""Food""', '""DomainThing""']"
TestOntologies/pizza.owl,"""VegetarianTopping""",1,4,1.8274,4,"['""VegetarianTopping""', '""DomainThing""', '""PizzaTopping""', '""Food""']"
TestOntologies/pizza.owl,"""VegetarianTopping""",2,4,1.4049,4,"['""VegetarianTopping""', '""DomainThing""', '""PizzaTopping""', '""Food""']"
TestOntologies/pizza.owl,"""Mild""",3,,,3,"['""Mild""', '""ValuePartition""', '""Spiciness""']"
TestOntologies/pizza.owl,"""Mild""",1,3,1.1556,3,"['""Spiciness""', '""ValuePartition""', '""Mild""']"
TestOntologies/pizza.owl,"""Mild""",2,3,1.2798,3,"['""Spiciness""', '""ValuePartition""', '""Mild""']"
TestOntologies/pizza.owl,"""LaReine""",3,,,7,"['""Pizza""', '""Food""', '""MeatyPizza""', 'NamedPizza', '""CheesyPizza""', '""LaReine""', '""DomainThing""']"
TestOntologies/pizza.owl,"""LaReine""",1,41,11.576,7,"['""Pizza""', '""LaReine""', '""MeatyPizza""', 'NamedPizza', '""Food""', '""CheesyPizza""', '""DomainThing""']"
TestOntologies/pizza.owl,"""LaReine""",2,49,10.2105,7,"['""Pizza""', '""LaReine""', '""MeatyPizza""', 'NamedPizza', '""Food""', '""CheesyPizza""', '""DomainThing""']"
TestOntologies/pizza.owl,"""Napoletana""",3,,,7,"['""RealItalianPizza""', '""Pizza""', '""Napoletana""', '""Food""', 'NamedPizza', '""CheesyPizza""', '""DomainThing""']"
TestOntologies/pizza.owl,"""Napoletana""",1,43,14.7079,8,"['""Pizza""', '""ThinAndCrispyPizza""', '""RealItalianPizza""', '""Napoletana""', 'NamedPizza', '""Food""', '""CheesyPizza""', '""DomainThing""']"
TestOntologies/pizza.owl,"""Napoletana""",2,50,17.5241,8,"['""Pizza""', '""ThinAndCrispyPizza""', '""RealItalianPizza""', '""Napoletana""', 'NamedPizza', '""Food""', '""CheesyPizza""', '""DomainThing""']"
TestOntologies/pizza.owl,"""GoatsCheeseTopping""",3,,,6,"['""VegetarianTopping""', '""PizzaTopping""', '""Food""', '""CheeseTopping""', '""GoatsCheeseTopping""', '""DomainThing""']"
TestOntologies/pizza.owl,"""GoatsCheeseTopping""",1,8,3.1532,5,"['""PizzaTopping""', '""Food""', '""GoatsCheeseTopping""', '""CheeseTopping""', '""DomainThing""']"
TestOntologies/pizza.owl,"""GoatsCheeseTopping""",2,9,5.3501,5,"['""PizzaTopping""', '""Food""', '""GoatsCheeseTopping""', '""CheeseTopping""', '""DomainThing""']"
TestOntologies/pizza.owl,"""PeperoniSausageTopping""",3,,,5,"['""PizzaTopping""', '""Food""', '""PeperoniSausageTopping""', '""MeatTopping""', '""DomainThing""']"
TestOntologies/pizza.owl,"""PeperoniSausageTopping""",1,8,3.0468,5,"['""MeatTopping""', '""PizzaTopping""', '""Food""', '""PeperoniSausageTopping""', '""DomainThing""']"
TestOntologies/pizza.owl,"""PeperoniSausageTopping""",2,9,2.8729,5,"['""MeatTopping""', '""PizzaTopping""', '""Food""', '""PeperoniSausageTopping""', '""DomainThing""']"
TestOntologies/pizza.owl,"""DeepPanBase""",3,,,4,"['""DeepPanBase""', '""Food""', '""DomainThing""', '""PizzaBase""']"
TestOntologies/pizza.owl,"""DeepPanBase""",1,4,1.5199,4,"['""DomainThing""', '""PizzaBase""', '""DeepPanBase""', '""Food""']"
TestOntologies/pizza.owl,"""DeepPanBase""",2,4,1.5129,4,"['""DomainThing""', '""PizzaBase""', '""DeepPanBase""', '""Food""']"
TestOntologies/pizza.owl,"""PeperonataTopping""",3,,,7,"['""VegetarianTopping""', '""PizzaTopping""', '""Food""', '""VegetableTopping""', '""PepperTopping""', '""PeperonataTopping""', '""DomainThing""']"
TestOntologies/pizza.owl,"""PeperonataTopping""",1,10,3.9857,6,"['""VegetableTopping""', '""PeperonataTopping""', '""PizzaTopping""', '""Food""', '""PepperTopping""', '""DomainThing""']"
TestOntologies/pizza.owl,"""PeperonataTopping""",2,10,3.9458,6,"['""VegetableTopping""', '""PeperonataTopping""', '""PizzaTopping""', '""Food""', '""PepperTopping""', '""DomainThing""']"
TestOntologies/pizza.owl,"""IceCream""",3,,,100,"['""Food""', '""HamTopping""', '""VegetarianPizza1""', '""Capricciosa""', '""Margherita""', '""QuattroFormaggi""', '""SlicedTomatoTopping""', '""SpinachTopping""', '""AmericanHot""', '""InterestingPizza""', '""VegetarianPizza""', '""Pizza""', '""RocketTopping""', '""Soho""', '""ChickenTopping""', '""FruttiDiMare""', '""MozzarellaTopping""', '""Rosa""', '""HerbSpiceTopping""', '""Caprina""', '""UnclosedPizza""', '""LeekTopping""', '""Mild""', '""SauceTopping""', '""FourSeasons""', '""NutTopping""', '""Mushroom""', '""DeepPanBase""', '""PizzaTopping""', '""SpicyPizzaEquivalent""', '""SpicyPizza""', '""GarlicTopping""', '""Spiciness""', '""SpicyTopping""', '""PrinceCarlo""', '""ThinAndCrispyBase""', '""Giardiniera""', '""SloppyGiuseppe""', '""PrawnsTopping""', '""Veneziana""', '""PizzaBase""', '""PetitPoisTopping""', '""CheeseTopping""', '""LaReine""', '""OliveTopping""', '""ArtichokeTopping""', '""TomatoTopping""', '""PeperoniSausageTopping""', '""ParmezanTopping""', '""TobascoPepperSauceTopping""', '""SundriedTomatoTopping""', '""DomainThing""', '""MushroomTopping""', '""PolloAdAstra""', '""MeatTopping""', '""GorgonzolaTopping""', '""JalapenoPepperTopping""', '""VegetarianPizza2""', '""VegetableTopping""', '""ParmaHamTopping""', '‚ä•', '""RedOnionTopping""', '""HotGreenPepperTopping""', '""FruitTopping""', '""ThinAndCrispyPizza""', '""NonVegetarianPizza""', '""MeatyPizza""', '""American""', '""PepperTopping""', '""AnchoviesTopping""', '""Medium""', '""CheesyVegetableTopping""', '""AsparagusTopping""', '""GreenPepperTopping""', '""CheesyPizza""', '""Country""', '""PeperonataTopping""', '""GoatsCheeseTopping""', '""RealItalianPizza""', '""FourCheesesTopping""', '""CajunSpiceTopping""', '""Hot""', '""PineKernelTopping""', '""Napoletana""', '""CaperTopping""', '""RosemaryTopping""', '""MixedSeafoodTopping""', '""Siciliana""', '""HotSpicedBeefTopping""', '""VegetarianTopping""', '""ValuePartition""', '""OnionTopping""', '""Parmense""', '""SweetPepperTopping""', 'NamedPizza', '""IceCream""', '""Fiorentina""', '""SultanaTopping""', '""Cajun""', '""SeafoodTopping""']"
TestOntologies/pizza.owl,"""IceCream""",1,10,2.9412,3,"['""IceCream""', '""DomainThing""', '""Food""']"
TestOntologies/pizza.owl,"""IceCream""",2,8,2.1046,3,"['""IceCream""', '""DomainThing""', '""Food""']"
TestOntologies/pizza.owl,"""Caprina""",3,,,6,"['""Pizza""', '""Food""', 'NamedPizza', '""CheesyPizza""', '""Caprina""', '""DomainThing""']"
TestOntologies/pizza.owl,"""Caprina""",1,44,13.5985,6,"['""Caprina""', '""Pizza""', '""Food""', 'NamedPizza', '""CheesyPizza""', '""DomainThing""']"
TestOntologies/pizza.owl,"""Caprina""",2,44,12.2744,6,"['""Caprina""', '""Pizza""', '""Food""', 'NamedPizza', '""CheesyPizza""', '""DomainThing""']"
TestOntologies/pizza.owl,"""SlicedTomatoTopping""",3,,,7,"['""VegetarianTopping""', '""PizzaTopping""', '""TomatoTopping""', '""Food""', '""VegetableTopping""', '""SlicedTomatoTopping""', '""DomainThing""']"
TestOntologies/pizza.owl,"""SlicedTomatoTopping""",1,10,2.3579,6,"['""VegetableTopping""', '""SlicedTomatoTopping""', '""PizzaTopping""', '""Food""', '""TomatoTopping""', '""DomainThing""']"
TestOntologies/pizza.owl,"""SlicedTomatoTopping""",2,10,2.0489,6,"['""VegetableTopping""', '""SlicedTomatoTopping""', '""PizzaTopping""', '""Food""', '""TomatoTopping""', '""DomainThing""']"
TestOntologies/pizza.owl,"""Siciliana""",3,,,7,"['""Pizza""', '""Food""', '""MeatyPizza""', 'NamedPizza', '""CheesyPizza""', '""Siciliana""', '""DomainThing""']"
TestOntologies/pizza.owl,"""Siciliana""",1,54,10.6827,7,"['""Pizza""', '""MeatyPizza""', 'NamedPizza', '""Food""', '""CheesyPizza""', '""DomainThing""', '""Siciliana""']"
TestOntologies/pizza.owl,"""Siciliana""",2,65,13.3214,7,"['""Pizza""', '""MeatyPizza""', 'NamedPizza', '""Food""', '""CheesyPizza""', '""DomainThing""', '""Siciliana""']"
sushi_restaurant.owl,CookedShrimp,3,,,6,"['Shrimp', 'CookedShrimp', 'SeaFood', 'Food', 'CookedIngredient', 'SushiIngredient']"
sushi_restaurant.owl,CookedShrimp,1,8,2.959,6,"['SushiIngredient', 'Food', 'SeaFood', 'CookedIngredient', 'CookedShrimp', 'Shrimp']"
sushi_restaurant.owl,CookedShrimp,2,9,3.4486,6,"['SushiIngredient', 'Food', 'SeaFood', 'CookedIngredient', 'CookedShrimp', 'Shrimp']"
sushi_restaurant.owl,SpicyTunaRoll,3,,,6,"['SpicyTunaRoll', 'SeaFoodSushi', 'Food', 'SpicySushi', 'Maki', 'Sushi']"
sushi_restaurant.owl,SpicyTunaRoll,1,39,13.8738,6,"['Sushi', 'Food', 'SeaFoodSushi', 'Maki', 'SpicyTunaRoll', 'SpicySushi']"
sushi_restaurant.owl,SpicyTunaRoll,2,34,12.4765,6,"['Sushi', 'Food', 'SeaFoodSushi', 'Maki', 'SpicyTunaRoll', 'SpicySushi']"
sushi_restaurant.owl,SeabassNigiri,3,,,5,"['SeabassNigiri', 'SeaFoodSushi', 'Nigiri', 'Food', 'Sushi']"
sushi_restaurant.owl,SeabassNigiri,1,13,6.053,5,"['Sushi', 'Food', 'Nigiri', 'SeaFoodSushi', 'SeabassNigiri']"
sushi_restaurant.owl,SeabassNigiri,2,15,6.7282,5,"['Sushi', 'Food', 'Nigiri', 'SeaFoodSushi', 'SeabassNigiri']"
sushi_restaurant.owl,Asparagus,3,,,5,"['Asparagus', 'Food', 'Vegetable', 'SushiIngredient', 'Vegeterian']"
sushi_restaurant.owl,Asparagus,1,4,2.2326,4,"['Asparagus', 'SushiIngredient', 'Food', 'Vegetable']"
sushi_restaurant.owl,Asparagus,2,4,2.1305,4,"['Asparagus', 'SushiIngredient', 'Food', 'Vegetable']"
sushi_restaurant.owl,Maki,3,,,3,"['Food', 'Sushi', 'Maki']"
sushi_restaurant.owl,Maki,1,6,3.0928,3,"['Maki', 'Sushi', 'Food']"
sushi_restaurant.owl,Maki,2,6,3.2578,3,"['Maki', 'Sushi', 'Food']"
sushi_restaurant.owl,Food,3,,,1,['Food']
sushi_restaurant.owl,Food,1,2,1.7477,1,['Food']
sushi_restaurant.owl,Food,2,2,1.3459,1,['Food']
sushi_restaurant.owl,DeepFried,3,,,4,"['CookMethod', 'Cooked', 'Specialness', 'DeepFried']"
sushi_restaurant.owl,DeepFried,1,4,2.6901,4,"['Cooked', 'DeepFried', 'Specialness', 'CookMethod']"
sushi_restaurant.owl,DeepFried,2,4,2.151,4,"['Cooked', 'DeepFried', 'Specialness', 'CookMethod']"
sushi_restaurant.owl,Raw,3,,,3,"['CookMethod', 'Specialness', 'Raw']"
sushi_restaurant.owl,Raw,1,3,1.3484,3,"['Specialness', 'CookMethod', 'Raw']"
sushi_restaurant.owl,Raw,2,3,1.4094,3,"['Specialness', 'CookMethod', 'Raw']"
sushi_restaurant.owl,Shrimp,3,,,4,"['Shrimp', 'SeaFood', 'Food', 'SushiIngredient']"
sushi_restaurant.owl,Shrimp,1,4,1.9395,4,"['SeaFood', 'SushiIngredient', 'Shrimp', 'Food']"
sushi_restaurant.owl,Shrimp,2,4,1.9743,4,"['SeaFood', 'SushiIngredient', 'Shrimp', 'Food']"
sushi_restaurant.owl,Vegetable,3,,,4,"['Food', 'Vegetable', 'SushiIngredient', 'Vegeterian']"
sushi_restaurant.owl,Vegetable,1,3,1.5718,3,"['SushiIngredient', 'Food', 'Vegetable']"
sushi_restaurant.owl,Vegetable,2,3,1.0642,3,"['SushiIngredient', 'Food', 'Vegetable']"
sushi_restaurant.owl,SeaFood,3,,,3,"['SeaFood', 'Food', 'SushiIngredient']"
sushi_restaurant.owl,SeaFood,1,3,1.1527,3,"['SeaFood', 'SushiIngredient', 'Food']"
sushi_restaurant.owl,SeaFood,2,3,1.0748,3,"['SeaFood', 'SushiIngredient', 'Food']"
sushi_restaurant.owl,ShrimpTempuraRoll,3,,,7,"['DeepFriedSushi', 'SeaFoodSushi', 'CookedSushi', 'ShrimpTempuraRoll', 'Food', 'Maki', 'Sushi']"
sushi_restaurant.owl,ShrimpTempuraRoll,1,68,24.5682,7,"['Sushi', 'Food', 'DeepFriedSushi', 'ShrimpTempuraRoll', 'SeaFoodSushi', 'CookedSushi', 'Maki']"
sushi_restaurant.owl,ShrimpTempuraRoll,2,39,17.9342,7,"['Sushi', 'Food', 'DeepFriedSushi', 'ShrimpTempuraRoll', 'SeaFoodSushi', 'CookedSushi', 'Maki']"
sushi_restaurant.owl,DragonRoll,3,,,6,"['DragonRoll', 'SeaFoodSushi', 'CookedSushi', 'Food', 'Maki', 'Sushi']"
sushi_restaurant.owl,DragonRoll,1,55,28.0774,6,"['Sushi', 'Food', 'DragonRoll', 'SeaFoodSushi', 'CookedSushi', 'Maki']"
sushi_restaurant.owl,DragonRoll,2,40,14.8285,6,"['Sushi', 'Food', 'DragonRoll', 'SeaFoodSushi', 'CookedSushi', 'Maki']"
sushi_restaurant.owl,Carrot,3,,,5,"['Carrot', 'Food', 'Vegetable', 'SushiIngredient', 'Vegeterian']"
sushi_restaurant.owl,Carrot,1,4,1.7197,4,"['SushiIngredient', 'Carrot', 'Food', 'Vegetable']"
sushi_restaurant.owl,Carrot,2,4,1.4225,4,"['SushiIngredient', 'Carrot', 'Food', 'Vegetable']"
sushi_restaurant.owl,EggplantRoll,3,,,4,"['EggplantRoll', 'Food', 'Maki', 'Sushi']"
sushi_restaurant.owl,EggplantRoll,1,25,8.7445,4,"['Maki', 'EggplantRoll', 'Sushi', 'Food']"
sushi_restaurant.owl,EggplantRoll,2,27,11.1649,4,"['Maki', 'EggplantRoll', 'Sushi', 'Food']"
sushi_restaurant.owl,VeganSushi,3,,,3,"['VeganSushi', 'Food', 'Sushi']"
sushi_restaurant.owl,VeganSushi,1,3,1.5244,3,"['Sushi', 'Food', 'VeganSushi']"
sushi_restaurant.owl,VeganSushi,2,3,1.3278,3,"['Sushi', 'Food', 'VeganSushi']"
sushi_restaurant.owl,Vegeterian,3,,,3,"['Food', 'SushiIngredient', 'Vegeterian']"
sushi_restaurant.owl,Vegeterian,1,3,1.4044,3,"['Vegeterian', 'SushiIngredient', 'Food']"
sushi_restaurant.owl,Vegeterian,2,3,1.4018,3,"['Vegeterian', 'SushiIngredient', 'Food']"
sushi_restaurant.owl,RawShrimp,3,,,6,"['Shrimp', 'RawIngredient', 'SeaFood', 'Food', 'SushiIngredient', 'RawShrimp']"
sushi_restaurant.owl,RawShrimp,1,8,2.8973,6,"['SushiIngredient', 'Food', 'RawIngredient', 'SeaFood', 'Shrimp', 'RawShrimp']"
sushi_restaurant.owl,RawShrimp,2,9,4.042,6,"['SushiIngredient', 'Food', 'RawIngredient', 'SeaFood', 'Shrimp', 'RawShrimp']"
sushi_restaurant.owl,DeepFriedSushi,3,,,4,"['DeepFriedSushi', 'CookedSushi', 'Food', 'Sushi']"
sushi_restaurant.owl,DeepFriedSushi,1,26,10.2646,4,"['DeepFriedSushi', 'Sushi', 'CookedSushi', 'Food']"
sushi_restaurant.owl,DeepFriedSushi,2,22,7.1568,4,"['DeepFriedSushi', 'Sushi', 'CookedSushi', 'Food']"
sushi_restaurant.owl,ImitationCrab,3,,,4,"['ImitationCrab', 'SeaFood', 'Food', 'SushiIngredient']"
sushi_restaurant.owl,ImitationCrab,1,4,1.413,4,"['SeaFood', 'SushiIngredient', 'Food', 'ImitationCrab']"
sushi_restaurant.owl,ImitationCrab,2,4,1.3897,4,"['SeaFood', 'SushiIngredient', 'Food', 'ImitationCrab']"
sushi_restaurant.owl,Sushi,3,,,2,"['Food', 'Sushi']"
sushi_restaurant.owl,Sushi,1,2,1.3789,2,"['Sushi', 'Food']"
sushi_restaurant.owl,Sushi,2,2,1.0973,2,"['Sushi', 'Food']"
sushi_restaurant.owl,Eggplant,3,,,5,"['Eggplant', 'Food', 'Vegetable', 'SushiIngredient', 'Vegeterian']"
sushi_restaurant.owl,Eggplant,1,4,1.4071,4,"['Eggplant', 'SushiIngredient', 'Food', 'Vegetable']"
sushi_restaurant.owl,Eggplant,2,4,1.4143,4,"['Eggplant', 'SushiIngredient', 'Food', 'Vegetable']"
sushi_restaurant.owl,Chili,3,,,5,"['Food', 'Vegetable', 'SushiIngredient', 'Vegeterian', 'Chili']"
sushi_restaurant.owl,Chili,1,4,1.3866,4,"['SushiIngredient', 'Food', 'Chili', 'Vegetable']"
sushi_restaurant.owl,Chili,2,4,1.3707,4,"['SushiIngredient', 'Food', 'Chili', 'Vegetable']"
sushi_restaurant.owl,CookedSalmon,3,,,6,"['SeaFood', 'Food', 'CookedIngredient', 'CookedSalmon', 'SushiIngredient', 'Salmon']"
sushi_restaurant.owl,CookedSalmon,1,8,2.8649,6,"['CookedSalmon', 'SushiIngredient', 'Food', 'SeaFood', 'CookedIngredient', 'Salmon']"
sushi_restaurant.owl,CookedSalmon,2,9,3.8482,6,"['CookedSalmon', 'SushiIngredient', 'Food', 'SeaFood', 'CookedIngredient', 'Salmon']"
sushi_restaurant.owl,DynamiteRoll,3,,,8,"['DeepFriedSushi', 'SeaFoodSushi', 'DynamiteRoll', 'CookedSushi', 'Food', 'SpicySushi', 'Maki', 'Sushi']"
sushi_restaurant.owl,DynamiteRoll,1,111,48.2848,8,"['Sushi', 'Food', 'DynamiteRoll', 'DeepFriedSushi', 'SeaFoodSushi', 'CookedSushi', 'Maki', 'SpicySushi']"
sushi_restaurant.owl,DynamiteRoll,2,67,25.677,8,"['Sushi', 'Food', 'DynamiteRoll', 'DeepFriedSushi', 'SeaFoodSushi', 'CookedSushi', 'Maki', 'SpicySushi']"
sushi_restaurant.owl,CookedIngredient,3,,,3,"['Food', 'CookedIngredient', 'SushiIngredient']"
sushi_restaurant.owl,CookedIngredient,1,8,4.0547,3,"['CookedIngredient', 'SushiIngredient', 'Food']"
sushi_restaurant.owl,CookedIngredient,2,7,2.7707,3,"['CookedIngredient', 'SushiIngredient', 'Food']"
sushi_restaurant.owl,Sesame,3,,,5,"['Food', 'Vegetable', 'Sesame', 'SushiIngredient', 'Vegeterian']"
sushi_restaurant.owl,Sesame,1,4,1.9698,4,"['SushiIngredient', 'Sesame', 'Food', 'Vegetable']"
sushi_restaurant.owl,Sesame,2,4,2.2384,4,"['SushiIngredient', 'Sesame', 'Food', 'Vegetable']"
sushi_restaurant.owl,Normal,3,,,4,"['CookMethod', 'Cooked', 'Specialness', 'Normal']"
sushi_restaurant.owl,Normal,1,4,2.5239,4,"['Normal', 'Specialness', 'CookMethod', 'Cooked']"
sushi_restaurant.owl,Normal,2,4,2.5723,4,"['Normal', 'Specialness', 'CookMethod', 'Cooked']"
sushi_restaurant.owl,RawSalmon,3,,,6,"['RawIngredient', 'SeaFood', 'Food', 'SushiIngredient', 'RawSalmon', 'Salmon']"
sushi_restaurant.owl,RawSalmon,1,8,3.5219,6,"['SushiIngredient', 'Food', 'RawIngredient', 'SeaFood', 'RawSalmon', 'Salmon']"
sushi_restaurant.owl,RawSalmon,2,9,3.7381,6,"['SushiIngredient', 'Food', 'RawIngredient', 'SeaFood', 'RawSalmon', 'Salmon']"
sushi_restaurant.owl,Mild,3,,,3,"['Mild', 'Specialness', 'Spiciness']"
sushi_restaurant.owl,Mild,1,3,1.1553,3,"['Spiciness', 'Specialness', 'Mild']"
sushi_restaurant.owl,Mild,2,3,1.4326,3,"['Spiciness', 'Specialness', 'Mild']"
TestOntologies/Skin Physiology Ontology 2.0.owl,MerkelCell,3,,,7,"['Continuant', 'AnatomicalStructure', 'IndependentContinuant', 'Entity', 'PhysicalObject', 'MerkelCell', 'Cell']"
TestOntologies/Skin Physiology Ontology 2.0.owl,MerkelCell,1,983,477.0912,7,"['MerkelCell', 'PhysicalObject', 'Continuant', 'AnatomicalStructure', 'IndependentContinuant', 'Cell', 'Entity']"
TestOntologies/Skin Physiology Ontology 2.0.owl,MerkelCell,2,429,229.6288,7,"['MerkelCell', 'PhysicalObject', 'Continuant', 'AnatomicalStructure', 'IndependentContinuant', 'Cell', 'Entity']"
TestOntologies/Skin Physiology Ontology 2.0.owl,StabilisationOfCapillaryWallFunction,3,,,5,"['StabilisationOfCapillaryWallFunction', 'PhysiologicalFunction', 'Continuant', 'Entity', 'DependentContinuant']"
TestOntologies/Skin Physiology Ontology 2.0.owl,StabilisationOfCapillaryWallFunction,1,5,3.4828,5,"['DependentContinuant', 'Continuant', 'StabilisationOfCapillaryWallFunction', 'PhysiologicalFunction', 'Entity']"
TestOntologies/Skin Physiology Ontology 2.0.owl,StabilisationOfCapillaryWallFunction,2,5,3.4701,5,"['DependentContinuant', 'Continuant', 'StabilisationOfCapillaryWallFunction', 'PhysiologicalFunction', 'Entity']"
TestOntologies/Skin Physiology Ontology 2.0.owl,ClathrinCoatedVesicleFormation,3,,,7,"['Occurrent', 'StageOfReceptorMediatedEndocytosis', 'ClathrinCoatedVesicleFormation', 'PhysiologicalProcess', 'Entity', 'StageOfEndocytosis', 'CellularProcess']"
TestOntologies/Skin Physiology Ontology 2.0.owl,ClathrinCoatedVesicleFormation,1,7,4.3047,7,"['PhysiologicalProcess', 'ClathrinCoatedVesicleFormation', 'StageOfEndocytosis', 'Occurrent', 'Entity', 'StageOfReceptorMediatedEndocytosis', 'CellularProcess']"
TestOntologies/Skin Physiology Ontology 2.0.owl,ClathrinCoatedVesicleFormation,2,7,3.9186,7,"['PhysiologicalProcess', 'ClathrinCoatedVesicleFormation', 'StageOfEndocytosis', 'Occurrent', 'Entity', 'StageOfReceptorMediatedEndocytosis', 'CellularProcess']"
TestOntologies/Skin Physiology Ontology 2.0.owl,CardinalOrganPart,3,,,6,"['Continuant', 'AnatomicalStructure', 'IndependentContinuant', 'Entity', 'PhysicalObject', 'CardinalOrganPart']"
TestOntologies/Skin Physiology Ontology 2.0.owl,CardinalOrganPart,1,6,3.3391,6,"['PhysicalObject', 'AnatomicalStructure', 'IndependentContinuant', 'CardinalOrganPart', 'Entity', 'Continuant']"
TestOntologies/Skin Physiology Ontology 2.0.owl,CardinalOrganPart,2,6,3.232,6,"['PhysicalObject', 'AnatomicalStructure', 'IndependentContinuant', 'CardinalOrganPart', 'Entity', 'Continuant']"
TestOntologies/Skin Physiology Ontology 2.0.owl,AnatomicalStructure,3,,,5,"['Continuant', 'AnatomicalStructure', 'IndependentContinuant', 'Entity', 'PhysicalObject']"
TestOntologies/Skin Physiology Ontology 2.0.owl,AnatomicalStructure,1,5,2.9455,5,"['PhysicalObject', 'AnatomicalStructure', 'IndependentContinuant', 'Entity', 'Continuant']"
TestOntologies/Skin Physiology Ontology 2.0.owl,AnatomicalStructure,2,5,2.9203,5,"['PhysicalObject', 'AnatomicalStructure', 'IndependentContinuant', 'Entity', 'Continuant']"
TestOntologies/Skin Physiology Ontology 2.0.owl,MerkelDisc,3,,,11,"['Mechanoreceptor', 'MerkelDisc', 'Continuant', 'NerveEnding', 'AnatomicalStructure', 'IndependentContinuant', 'UnencapsulatedNerveEndings', 'SensoryReceptor', 'Entity', 'PhysicalObject', 'CardinalOrganPart']"
TestOntologies/Skin Physiology Ontology 2.0.owl,MerkelDisc,1,1265,752.9775,9,"['PhysicalObject', 'Continuant', 'AnatomicalStructure', 'MerkelDisc', 'IndependentContinuant', 'CardinalOrganPart', 'UnencapsulatedNerveEndings', 'NerveEnding', 'Entity']"
TestOntologies/Skin Physiology Ontology 2.0.owl,MerkelDisc,2,488,273.2631,9,"['PhysicalObject', 'Continuant', 'AnatomicalStructure', 'MerkelDisc', 'IndependentContinuant', 'CardinalOrganPart', 'UnencapsulatedNerveEndings', 'NerveEnding', 'Entity']"
TestOntologies/Skin Physiology Ontology 2.0.owl,StratumBasale,3,,,9,"['StratumBasale', 'LayerOfEpidermis', 'SubdivisionOfEpidermis', 'Continuant', 'AnatomicalStructure', 'IndependentContinuant', 'Entity', 'PhysicalObject', 'CardinalTissuePart']"
TestOntologies/Skin Physiology Ontology 2.0.owl,StratumBasale,1,947,563.3993,9,"['PhysicalObject', 'Continuant', 'CardinalTissuePart', 'AnatomicalStructure', 'StratumBasale', 'SubdivisionOfEpidermis', 'IndependentContinuant', 'Entity', 'LayerOfEpidermis']"
TestOntologies/Skin Physiology Ontology 2.0.owl,StratumBasale,2,421,223.2127,9,"['PhysicalObject', 'Continuant', 'CardinalTissuePart', 'AnatomicalStructure', 'StratumBasale', 'SubdivisionOfEpidermis', 'IndependentContinuant', 'Entity', 'LayerOfEpidermis']"
TestOntologies/Skin Physiology Ontology 2.0.owl,InvaginationProcessFunction,3,,,8,"['InvaginationProcessFunction', 'PhysiologicalFunction', 'Continuant', 'CellularProcessFunction', 'StageOfEndocytosisFunction', 'Entity', 'DependentContinuant', 'StageOfReceptorMediatedEndocytosisFunction']"
TestOntologies/Skin Physiology Ontology 2.0.owl,InvaginationProcessFunction,1,8,5.4848,8,"['StageOfEndocytosisFunction', 'CellularProcessFunction', 'DependentContinuant', 'Continuant', 'InvaginationProcessFunction', 'PhysiologicalFunction', 'Entity', 'StageOfReceptorMediatedEndocytosisFunction']"
TestOntologies/Skin Physiology Ontology 2.0.owl,InvaginationProcessFunction,2,8,5.2726,8,"['StageOfEndocytosisFunction', 'CellularProcessFunction', 'DependentContinuant', 'Continuant', 'InvaginationProcessFunction', 'PhysiologicalFunction', 'Entity', 'StageOfReceptorMediatedEndocytosisFunction']"
TestOntologies/Skin Physiology Ontology 2.0.owl,TelogenFunction,3,,,6,"['TelogenFunction', 'PhysiologicalFunction', 'Continuant', 'HairGrowthPhaseFunction', 'Entity', 'DependentContinuant']"
TestOntologies/Skin Physiology Ontology 2.0.owl,TelogenFunction,1,6,4.6625,6,"['HairGrowthPhaseFunction', 'DependentContinuant', 'TelogenFunction', 'Entity', 'PhysiologicalFunction', 'Continuant']"
TestOntologies/Skin Physiology Ontology 2.0.owl,TelogenFunction,2,6,4.0114,6,"['HairGrowthPhaseFunction', 'DependentContinuant', 'TelogenFunction', 'Entity', 'PhysiologicalFunction', 'Continuant']"
TestOntologies/Skin Physiology Ontology 2.0.owl,LangerhansCell,3,,,8,"['Continuant', 'AnatomicalStructure', 'IndependentContinuant', 'Leukocyte', 'LangerhansCell', 'Entity', 'PhysicalObject', 'Cell']"
TestOntologies/Skin Physiology Ontology 2.0.owl,LangerhansCell,1,1170,681.5489,8,"['LangerhansCell', 'PhysicalObject', 'AnatomicalStructure', 'IndependentContinuant', 'Entity', 'Leukocyte', 'Cell', 'Continuant']"
TestOntologies/Skin Physiology Ontology 2.0.owl,LangerhansCell,2,465,268.6527,8,"['LangerhansCell', 'PhysicalObject', 'AnatomicalStructure', 'IndependentContinuant', 'Entity', 'Leukocyte', 'Cell', 'Continuant']"
TestOntologies/cto.clinical-trials-ontology.1.owl.xml,Sample_size,3,,,8,"['Study_type', 'Clinical_Trial_Study', 'Sample_size', 'Prospective_study', 'Clinical_trial', 'Statistical_concept', 'Structure_of_clinical_trial', 'Longitudinal_study']"
TestOntologies/cto.clinical-trials-ontology.1.owl.xml,Sample_size,1,8,2.7608,8,"['Clinical_trial', 'Study_type', 'Structure_of_clinical_trial', 'Statistical_concept', 'Prospective_study', 'Sample_size', 'Clinical_Trial_Study', 'Longitudinal_study']"
TestOntologies/cto.clinical-trials-ontology.1.owl.xml,Sample_size,2,8,2.655,8,"['Clinical_trial', 'Study_type', 'Structure_of_clinical_trial', 'Statistical_concept', 'Prospective_study', 'Sample_size', 'Clinical_Trial_Study', 'Longitudinal_study']"
TestOntologies/cto.clinical-trials-ontology.1.owl.xml,Non_random_allocation,3,,,9,"['Study_type', 'Allocation_scheme', 'Clinical_Trial_Study', 'Prospective_study', 'Study_characteristics', 'Non_random_allocation', 'Clinical_trial', 'Structure_of_clinical_trial', 'Longitudinal_study']"
TestOntologies/cto.clinical-trials-ontology.1.owl.xml,Non_random_allocation,1,9,3.1183,9,"['Clinical_trial', 'Study_type', 'Structure_of_clinical_trial', 'Prospective_study', 'Non_random_allocation', 'Allocation_scheme', 'Study_characteristics', 'Clinical_Trial_Study', 'Longitudinal_study']"
TestOntologies/cto.clinical-trials-ontology.1.owl.xml,Non_random_allocation,2,9,2.9811,9,"['Clinical_trial', 'Study_type', 'Structure_of_clinical_trial', 'Prospective_study', 'Non_random_allocation', 'Allocation_scheme', 'Study_characteristics', 'Clinical_Trial_Study', 'Longitudinal_study']"
TestOntologies/cto.clinical-trials-ontology.1.owl.xml,Percentage_body_weight_gain,3,,,12,"['Percentage_body_weight_gain', 'Body_weight_gain', 'Prospective_study', 'Primary_endpoint_measure', 'Clinical_trial', 'Statistical_concept', 'Study_type', 'Body_weight', 'Clinical_Trial_Study', 'Clinical_outcome_measure', 'Structure_of_clinical_trial', 'Longitudinal_study']"
TestOntologies/cto.clinical-trials-ontology.1.owl.xml,Percentage_body_weight_gain,1,12,4.7068,12,"['Clinical_trial', 'Study_type', 'Structure_of_clinical_trial', 'Percentage_body_weight_gain', 'Statistical_concept', 'Prospective_study', 'Body_weight_gain', 'Primary_endpoint_measure', 'Clinical_Trial_Study', 'Clinical_outcome_measure', 'Body_weight', 'Longitudinal_study']"
TestOntologies/cto.clinical-trials-ontology.1.owl.xml,Percentage_body_weight_gain,2,12,5.1168,12,"['Clinical_trial', 'Study_type', 'Structure_of_clinical_trial', 'Percentage_body_weight_gain', 'Statistical_concept', 'Prospective_study', 'Body_weight_gain', 'Primary_endpoint_measure', 'Clinical_Trial_Study', 'Clinical_outcome_measure', 'Body_weight', 'Longitudinal_study']"
TestOntologies/cto.clinical-trials-ontology.1.owl.xml,Ultrasound,3,,,8,"['Study_type', 'Clinical_Trial_Study', 'Clinical_trial_methods', 'Ultrasound', 'Prospective_study', 'Clinical_trial', 'Clinical_imagings', 'Longitudinal_study']"
TestOntologies/cto.clinical-trials-ontology.1.owl.xml,Ultrasound,1,8,4.0566,8,"['Clinical_trial', 'Study_type', 'Prospective_study', 'Clinical_imagings', 'Ultrasound', 'Clinical_trial_methods', 'Clinical_Trial_Study', 'Longitudinal_study']"
TestOntologies/cto.clinical-trials-ontology.1.owl.xml,Ultrasound,2,8,3.1769,8,"['Clinical_trial', 'Study_type', 'Prospective_study', 'Clinical_imagings', 'Ultrasound', 'Clinical_trial_methods', 'Clinical_Trial_Study', 'Longitudinal_study']"
TestOntologies/cto.clinical-trials-ontology.1.owl.xml,Timing_of_outcome_measurement,3,,,8,"['Study_type', 'Clinical_Trial_Study', 'Prospective_study', 'Timing_of_outcome_measurement', 'Study_characteristics', 'Clinical_trial', 'Structure_of_clinical_trial', 'Longitudinal_study']"
TestOntologies/cto.clinical-trials-ontology.1.owl.xml,Timing_of_outcome_measurement,1,8,3.3707,8,"['Clinical_trial', 'Study_type', 'Structure_of_clinical_trial', 'Prospective_study', 'Timing_of_outcome_measurement', 'Study_characteristics', 'Clinical_Trial_Study', 'Longitudinal_study']"
TestOntologies/cto.clinical-trials-ontology.1.owl.xml,Timing_of_outcome_measurement,2,8,3.1076,8,"['Clinical_trial', 'Study_type', 'Structure_of_clinical_trial', 'Prospective_study', 'Timing_of_outcome_measurement', 'Study_characteristics', 'Clinical_Trial_Study', 'Longitudinal_study']"
TestOntologies/cto.clinical-trials-ontology.1.owl.xml,Multiple_experimental_unit_allocation_group,3,,,10,"['Study_type', 'Allocation_group_cardinality', 'Clinical_Trial_Study', 'Multiple_experimental_unit_allocation_group', 'Prospective_study', 'Study_characteristics', 'Assignment_characteristics', 'Clinical_trial', 'Structure_of_clinical_trial', 'Longitudinal_study']"
TestOntologies/cto.clinical-trials-ontology.1.owl.xml,Multiple_experimental_unit_allocation_group,1,10,3.6032,10,"['Clinical_trial', 'Study_type', 'Structure_of_clinical_trial', 'Allocation_group_cardinality', 'Prospective_study', 'Assignment_characteristics', 'Multiple_experimental_unit_allocation_group', 'Study_characteristics', 'Clinical_Trial_Study', 'Longitudinal_study']"
TestOntologies/cto.clinical-trials-ontology.1.owl.xml,Multiple_experimental_unit_allocation_group,2,10,3.4436,10,"['Clinical_trial', 'Study_type', 'Structure_of_clinical_trial', 'Allocation_group_cardinality', 'Prospective_study', 'Assignment_characteristics', 'Multiple_experimental_unit_allocation_group', 'Study_characteristics', 'Clinical_Trial_Study', 'Longitudinal_study']"
TestOntologies/cto.clinical-trials-ontology.1.owl.xml,Plasma_concentration,3,,,10,"['Study_type', 'Clinical_Trial_Study', 'Prospective_study', 'Clinical_outcome_measure', 'Primary_endpoint_measure', 'Clinical_trial', 'Statistical_concept', 'Structure_of_clinical_trial', 'Plasma_concentration', 'Longitudinal_study']"
TestOntologies/cto.clinical-trials-ontology.1.owl.xml,Plasma_concentration,1,10,3.1472,10,"['Clinical_trial', 'Study_type', 'Structure_of_clinical_trial', 'Statistical_concept', 'Prospective_study', 'Plasma_concentration', 'Primary_endpoint_measure', 'Clinical_Trial_Study', 'Clinical_outcome_measure', 'Longitudinal_study']"
TestOntologies/cto.clinical-trials-ontology.1.owl.xml,Plasma_concentration,2,10,3.362,10,"['Clinical_trial', 'Study_type', 'Structure_of_clinical_trial', 'Statistical_concept', 'Prospective_study', 'Plasma_concentration', 'Primary_endpoint_measure', 'Clinical_Trial_Study', 'Clinical_outcome_measure', 'Longitudinal_study']"
TestOntologies/cto.clinical-trials-ontology.1.owl.xml,Apparent_dose,3,,,10,"['Study_type', 'Apparent_dose', 'Clinical_Trial_Study', 'Prospective_study', 'Clinical_outcome_measure', 'Primary_endpoint_measure', 'Clinical_trial', 'Statistical_concept', 'Structure_of_clinical_trial', 'Longitudinal_study']"
TestOntologies/cto.clinical-trials-ontology.1.owl.xml,Apparent_dose,1,10,4.1847,10,"['Clinical_trial', 'Study_type', 'Structure_of_clinical_trial', 'Statistical_concept', 'Prospective_study', 'Apparent_dose', 'Primary_endpoint_measure', 'Clinical_Trial_Study', 'Clinical_outcome_measure', 'Longitudinal_study']"
TestOntologies/cto.clinical-trials-ontology.1.owl.xml,Apparent_dose,2,10,3.5476,10,"['Clinical_trial', 'Study_type', 'Structure_of_clinical_trial', 'Statistical_concept', 'Prospective_study', 'Apparent_dose', 'Primary_endpoint_measure', 'Clinical_Trial_Study', 'Clinical_outcome_measure', 'Longitudinal_study']"
TestOntologies/cto.clinical-trials-ontology.1.owl.xml,Expanded_access,3,,,5,"['Study_type', 'Clinical_Trial_Study', 'Quantitative_study_design', 'Analytical_study', 'Expanded_access']"
TestOntologies/cto.clinical-trials-ontology.1.owl.xml,Expanded_access,1,5,2.4626,5,"['Study_type', 'Quantitative_study_design', 'Expanded_access', 'Analytical_study', 'Clinical_Trial_Study']"
TestOntologies/cto.clinical-trials-ontology.1.owl.xml,Expanded_access,2,5,1.7012,5,"['Study_type', 'Quantitative_study_design', 'Expanded_access', 'Analytical_study', 'Clinical_Trial_Study']"
TestOntologies/cto.clinical-trials-ontology.1.owl.xml,Enrolling_by_invitation,3,,,10,"['Study_type', 'Enrolling_by_invitation', 'Clinical_Trial_Study', 'Recruitment_status', 'Prospective_study', 'Closed_study', 'Study_Conduct_Sub-Domain', 'Clinical_trial', 'Recruitment_of_patients', 'Longitudinal_study']"
TestOntologies/cto.clinical-trials-ontology.1.owl.xml,Enrolling_by_invitation,1,10,3.3837,10,"['Clinical_trial', 'Study_type', 'Prospective_study', 'Study_Conduct_Sub-Domain', 'Enrolling_by_invitation', 'Recruitment_status', 'Closed_study', 'Clinical_Trial_Study', 'Longitudinal_study', 'Recruitment_of_patients']"
TestOntologies/cto.clinical-trials-ontology.1.owl.xml,Enrolling_by_invitation,2,10,3.3262,10,"['Clinical_trial', 'Study_type', 'Prospective_study', 'Study_Conduct_Sub-Domain', 'Enrolling_by_invitation', 'Recruitment_status', 'Closed_study', 'Clinical_Trial_Study', 'Longitudinal_study', 'Recruitment_of_patients']"
TestOntologies/ico.informed-consent-ontology.9.owl.xml,CARO_0001008,3,,,5,"['BFO_0000004', 'CARO_0001008', 'BFO_0000040', 'BFO_0000002', 'BFO_0000001']"
TestOntologies/ico.informed-consent-ontology.9.owl.xml,CARO_0001008,1,5,3.682,5,"['BFO_0000004', 'BFO_0000040', 'CARO_0001008', 'BFO_0000002', 'BFO_0000001']"
TestOntologies/ico.informed-consent-ontology.9.owl.xml,CARO_0001008,2,5,6.001,5,"['BFO_0000004', 'BFO_0000040', 'CARO_0001008', 'BFO_0000002', 'BFO_0000001']"
TestOntologies/ico.informed-consent-ontology.9.owl.xml,IAO_0021003,3,,,5,"['BFO_0000015', 'IAO_0021003', 'OBI_0000011', 'BFO_0000003', 'BFO_0000001']"
TestOntologies/ico.informed-consent-ontology.9.owl.xml,IAO_0021003,1,46,27.2913,5,"['IAO_0021003', 'BFO_0000015', 'BFO_0000003', 'OBI_0000011', 'BFO_0000001']"
TestOntologies/ico.informed-consent-ontology.9.owl.xml,IAO_0021003,2,34,24.8763,5,"['IAO_0021003', 'BFO_0000015', 'BFO_0000003', 'OBI_0000011', 'BFO_0000001']"
TestOntologies/ico.informed-consent-ontology.9.owl.xml,OBI_0000965,3,,,7,"['BFO_0000004', 'OBI_0000965', 'BFO_0000040', 'BFO_0000002', 'OBI_0100051', 'OBI_0001472', 'BFO_0000001']"
TestOntologies/ico.informed-consent-ontology.9.owl.xml,OBI_0000965,1,111,88.2862,7,"['BFO_0000004', 'OBI_0001472', 'BFO_0000040', 'OBI_0000965', 'OBI_0100051', 'BFO_0000002', 'BFO_0000001']"
TestOntologies/ico.informed-consent-ontology.9.owl.xml,OBI_0000965,2,78,64.8039,7,"['BFO_0000004', 'OBI_0001472', 'BFO_0000040', 'OBI_0000965', 'OBI_0100051', 'BFO_0000002', 'BFO_0000001']"
TestOntologies/ico.informed-consent-ontology.9.owl.xml,ICO_0000083,3,,,8,"['ICO_0000101', 'C90492', 'BFO_0000002', 'ICO_0000083', 'BFO_0000031', 'BFO_0000001', 'ICO_0000103', 'IAO_0000030']"
TestOntologies/ico.informed-consent-ontology.9.owl.xml,ICO_0000083,1,44,37.0968,8,"['IAO_0000030', 'C90492', 'ICO_0000101', 'ICO_0000083', 'BFO_0000002', 'ICO_0000103', 'BFO_0000031', 'BFO_0000001']"
TestOntologies/ico.informed-consent-ontology.9.owl.xml,ICO_0000083,2,30,23.9546,8,"['IAO_0000030', 'C90492', 'ICO_0000101', 'ICO_0000083', 'BFO_0000002', 'ICO_0000103', 'BFO_0000031', 'BFO_0000001']"
TestOntologies/ico.informed-consent-ontology.9.owl.xml,CHEBI_16991,3,,,8,"['CHEBI_23367', 'CHEBI_33839', 'BFO_0000004', 'BFO_0000040', 'BFO_0000002', 'CHEBI_33696', 'CHEBI_16991', 'BFO_0000001']"
TestOntologies/ico.informed-consent-ontology.9.owl.xml,CHEBI_16991,1,8,5.332,8,"['BFO_0000004', 'BFO_0000040', 'CHEBI_23367', 'CHEBI_33839', 'BFO_0000001', 'CHEBI_33696', 'BFO_0000002', 'CHEBI_16991']"
TestOntologies/ico.informed-consent-ontology.9.owl.xml,CHEBI_16991,2,8,6.6485,8,"['BFO_0000004', 'BFO_0000040', 'CHEBI_23367', 'CHEBI_33839', 'BFO_0000001', 'CHEBI_33696', 'BFO_0000002', 'CHEBI_16991']"
TestOntologies/ico.informed-consent-ontology.9.owl.xml,ICO_0000089,3,,,6,"['BFO_0000038', 'ICO_0000089', 'BFO_0000008', 'BFO_0000003', 'BFO_0000001', 'ICO_0000088']"
TestOntologies/ico.informed-consent-ontology.9.owl.xml,ICO_0000089,1,5,6.2892,6,"['BFO_0000038', 'BFO_0000008', 'ICO_0000088', 'ICO_0000089', 'BFO_0000003', 'BFO_0000001']"
TestOntologies/ico.informed-consent-ontology.9.owl.xml,ICO_0000089,2,5,3.7815,6,"['BFO_0000038', 'BFO_0000008', 'ICO_0000088', 'ICO_0000089', 'BFO_0000003', 'BFO_0000001']"
TestOntologies/ico.informed-consent-ontology.9.owl.xml,OBI_0000902,3,,,7,"['OBI_0000902', 'OBI_0001506', 'BFO_0000004', 'BFO_0000040', 'BFO_0000002', 'OBI_0100051', 'BFO_0000001']"
TestOntologies/ico.informed-consent-ontology.9.owl.xml,OBI_0000902,1,128,97.3156,7,"['BFO_0000004', 'BFO_0000040', 'OBI_0100051', 'OBI_0000902', 'BFO_0000002', 'OBI_0001506', 'BFO_0000001']"
TestOntologies/ico.informed-consent-ontology.9.owl.xml,OBI_0000902,2,91,68.3866,7,"['BFO_0000004', 'BFO_0000040', 'OBI_0100051', 'OBI_0000902', 'BFO_0000002', 'OBI_0001506', 'BFO_0000001']"
TestOntologies/ico.informed-consent-ontology.9.owl.xml,IAO_0021018,3,,,2,"['IAO_0021018', 'ObsoleteClass']"
TestOntologies/ico.informed-consent-ontology.9.owl.xml,IAO_0021018,1,2,2.877,2,"['ObsoleteClass', 'IAO_0021018']"
TestOntologies/ico.informed-consent-ontology.9.owl.xml,IAO_0021018,2,2,2.3547,2,"['ObsoleteClass', 'IAO_0021018']"
TestOntologies/ico.informed-consent-ontology.9.owl.xml,OBI_0000849,3,,,10,"['OBI_0666666', 'OBI_0000094', 'OBI_0000849', 'OBI_0666667', 'BFO_0000015', 'OBI_0000011', 'BFO_0000003', 'OBI_0302884', 'BFO_0000001', 'OBI_0600014']"
TestOntologies/ico.informed-consent-ontology.9.owl.xml,OBI_0000849,1,151,113.4357,10,"['BFO_0000015', 'OBI_0600014', 'OBI_0000849', 'OBI_0302884', 'BFO_0000003', 'OBI_0666667', 'OBI_0000011', 'OBI_0666666', 'OBI_0000094', 'BFO_0000001']"
TestOntologies/ico.informed-consent-ontology.9.owl.xml,OBI_0000849,2,102,81.4017,10,"['BFO_0000015', 'OBI_0600014', 'OBI_0000849', 'OBI_0302884', 'BFO_0000003', 'OBI_0666667', 'OBI_0000011', 'OBI_0666666', 'OBI_0000094', 'BFO_0000001']"
TestOntologies/ico.informed-consent-ontology.9.owl.xml,ICO_0000096,3,,,7,"['IAO_0000310', 'C45258', 'ICO_0000096', 'BFO_0000002', 'BFO_0000031', 'BFO_0000001', 'IAO_0000030']"
TestOntologies/ico.informed-consent-ontology.9.owl.xml,ICO_0000096,1,9,19.3476,7,"['C45258', 'ICO_0000096', 'IAO_0000030', 'IAO_0000310', 'BFO_0000002', 'BFO_0000031', 'BFO_0000001']"
TestOntologies/ico.informed-consent-ontology.9.owl.xml,ICO_0000096,2,10,17.7225,7,"['C45258', 'ICO_0000096', 'IAO_0000030', 'IAO_0000310', 'BFO_0000002', 'BFO_0000031', 'BFO_0000001']"
TestOntologies/ontodm-core.ontology-of-core-data-mining-entities.6.owl.xml,OntoDM_000261,3,,,7,"['IAO_0000005', 'BFO_0000002', 'OntoDM_000261', 'IAO_0000033', 'BFO_0000031', 'BFO_0000001', 'IAO_0000030']"
TestOntologies/ontodm-core.ontology-of-core-data-mining-entities.6.owl.xml,OntoDM_000261,1,15,29.7907,7,"['IAO_0000030', 'IAO_0000005', 'BFO_0000002', 'OntoDM_000261', 'BFO_0000031', 'BFO_0000001', 'IAO_0000033']"
TestOntologies/ontodm-core.ontology-of-core-data-mining-entities.6.owl.xml,OntoDM_000261,2,15,28.9867,7,"['IAO_0000030', 'IAO_0000005', 'BFO_0000002', 'OntoDM_000261', 'BFO_0000031', 'BFO_0000001', 'IAO_0000033']"
TestOntologies/ontodm-core.ontology-of-core-data-mining-entities.6.owl.xml,OntoDT_991400,3,,,12,"['OntoDT_950419', 'BFO_0000002', 'OntoDT_487147', 'OntoDT_521859', 'BFO_0000001', 'IAO_0000030', 'OntoDT_991400', 'OntoDT_378476', 'IAO_0000033', 'BFO_0000031', 'OntoDT_191754', 'OBI_0000658']"
TestOntologies/ontodm-core.ontology-of-core-data-mining-entities.6.owl.xml,OntoDT_991400,1,222,410.1118,12,"['IAO_0000030', 'OntoDT_950419', 'OBI_0000658', 'OntoDT_521859', 'BFO_0000031', 'OntoDT_991400', 'OntoDT_487147', 'OntoDT_191754', 'BFO_0000002', 'OntoDT_378476', 'BFO_0000001', 'IAO_0000033']"
TestOntologies/ontodm-core.ontology-of-core-data-mining-entities.6.owl.xml,OntoDT_991400,2,162,309.1429,12,"['IAO_0000030', 'OntoDT_950419', 'OBI_0000658', 'OntoDT_521859', 'BFO_0000031', 'OntoDT_991400', 'OntoDT_487147', 'OntoDT_191754', 'BFO_0000002', 'OntoDT_378476', 'BFO_0000001', 'IAO_0000033']"
TestOntologies/ontodm-core.ontology-of-core-data-mining-entities.6.owl.xml,OntoDM_000293,3,,,10,"['OntoDM_000052', 'OntoDM_000219', 'BFO_0000002', 'IAO_0000033', 'BFO_0000031', 'OntoDM_000293', 'BFO_0000001', 'OntoDM_000014', 'OBI_0000658', 'IAO_0000030']"
TestOntologies/ontodm-core.ontology-of-core-data-mining-entities.6.owl.xml,OntoDM_000293,1,18,33.3746,10,"['OntoDM_000014', 'IAO_0000030', 'OBI_0000658', 'OntoDM_000293', 'OntoDM_000219', 'BFO_0000002', 'OntoDM_000052', 'BFO_0000031', 'BFO_0000001', 'IAO_0000033']"
TestOntologies/ontodm-core.ontology-of-core-data-mining-entities.6.owl.xml,OntoDM_000293,2,18,39.7144,10,"['OntoDM_000014', 'IAO_0000030', 'OBI_0000658', 'OntoDM_000293', 'OntoDM_000219', 'BFO_0000002', 'OntoDM_000052', 'BFO_0000031', 'BFO_0000001', 'IAO_0000033']"
TestOntologies/ontodm-core.ontology-of-core-data-mining-entities.6.owl.xml,OntoDM_419418,3,,,14,"['BFO_0000002', 'OntoDM_000160', 'IAO_0000064', 'BFO_0000001', 'IAO_0000104', 'IAO_0000030', 'OntoDM_731692', 'OntoDM_000038', 'OntoDM_871327', 'OntoDM_507935', 'OntoDM_419418', 'IAO_0000033', 'BFO_0000031', 'OntoDM_831808']"
TestOntologies/ontodm-core.ontology-of-core-data-mining-entities.6.owl.xml,OntoDM_419418,1,845,1744.5252,14,"['OntoDM_000038', 'IAO_0000030', 'OntoDM_871327', 'IAO_0000104', 'OntoDM_419418', 'OntoDM_731692', 'OntoDM_831808', 'BFO_0000002', 'OntoDM_507935', 'IAO_0000064', 'OntoDM_000160', 'BFO_0000031', 'BFO_0000001', 'IAO_0000033']"
